"Time (s)","Acceleration x (m/s^2)","Acceleration y (m/s^2)","Acceleration z (m/s^2)"
1.642516500E-2,9.780662656E-1,4.606183529E0,7.631309509E0
3.653527000E-2,1.405185103E0,4.523033142E0,8.740383148E0
5.664537400E-2,1.207179070E0,4.579264164E0,1.009651470E1
7.675547800E-2,8.883354068E-1,4.716851711E0,8.712865829E0
9.686558200E-2,9.206385016E-1,4.685146809E0,7.268796921E0
1.169756860E-1,1.370489120E0,4.230510235E0,6.958926678E0
1.370858430E-1,1.039681435E0,4.497908592E0,8.246265411E0
1.571959470E-1,9.080761671E-1,4.315455437E0,9.754940033E0
1.773060510E-1,8.159525394E-1,4.014558315E0,9.954740524E0
1.974161550E-1,5.976074338E-1,4.063013077E0,9.518648148E0
2.175262590E-1,7.064808607E-1,4.168895245E0,9.202795982E0
2.376363630E-1,8.494520187E-1,4.224528313E0,9.016156197E0
2.577464680E-1,8.985049129E-1,4.277768612E0,8.719446182E0
2.778565720E-1,6.909275651E-1,4.323232174E0,8.601000786E0
2.979666760E-1,5.736792088E-1,4.320241451E0,8.824131966E0
3.180768320E-1,6.149554253E-1,4.280759811E0,9.022735596E0
3.381869360E-1,5.407779217E-1,4.262215137E0,8.895915985E0
3.582970400E-1,4.612165689E-1,4.323232174E0,8.653642654E0
3.784071450E-1,4.965106845E-1,4.385445595E0,8.472386360E0
3.985172490E-1,4.953143001E-1,4.374079704E0,8.514859200E0
4.186273530E-1,6.329016089E-1,4.370490551E0,8.889934540E0
4.387374570E-1,7.728816867E-1,4.332803726E0,9.062815666E0
4.588475610E-1,7.244270444E-1,4.348955154E0,8.921041489E0
4.789577180E-1,7.561319470E-1,4.404588223E0,8.689535141E0
4.990678220E-1,7.405785918E-1,4.476373196E0,8.557929993E0
5.191779260E-1,7.010970116E-1,4.468596458E0,8.532805443E0
5.392880300E-1,7.064808607E-1,4.431507587E0,8.563912392E0
5.593981340E-1,6.532405615E-1,4.419543266E0,8.610571861E0
5.795082380E-1,5.365904570E-1,4.400400639E0,8.794221878E0
5.996183430E-1,4.552344978E-1,4.296911240E0,8.962317467E0
6.197284470E-1,4.815555513E-1,4.228715897E0,9.161520004E0
6.398385510E-1,6.514459848E-1,4.221537113E0,9.227920532E0
6.599487070E-1,7.716853023E-1,4.241876125E0,8.983254433E0
6.800588110E-1,7.339983582E-1,4.277768612E0,8.661419868E0
7.001689150E-1,7.752745152E-1,4.284348965E0,8.850452423E0
7.202790200E-1,9.110672474E-1,4.168895245E0,9.351150513E0
7.403891240E-1,7.345965505E-1,4.017549038E0,9.596415520E0
7.604992280E-1,4.217349887E-1,4.027718544E0,9.267401695E0
7.806093320E-1,1.465603858E-1,4.156332970E0,8.652446747E0
8.007194360E-1,9.810572863E-2,4.198805332E0,8.375477791E0
8.208295400E-1,1.274178028E-1,4.066602230E0,8.586644173E0
8.409396970E-1,1.226321608E-1,3.876372576E0,9.138189316E0
8.610498010E-1,2.871387079E-2,3.755535126E0,9.622735977E0
8.811599050E-1,-8.434699476E-2,3.749552965E0,9.870393753E0
9.012700090E-1,-6.999006122E-2,3.773481369E0,9.634101868E0
9.213801130E-1,6.520441920E-2,3.865604877E0,9.143573761E0
9.414902180E-1,1.872383654E-1,3.914059639E0,8.896514893E0
9.616003220E-1,2.291127741E-1,3.891926050E0,9.032905579E0
9.817104260E-1,1.848455518E-1,3.842873096E0,9.255437851E0
1.001820530E0,1.118644550E-1,3.806980848E0,9.376873970E0
1.021930634E0,7.118647546E-2,3.784847260E0,9.413364410E0
1.042040790E0,5.862415582E-2,3.802793503E0,9.304491043E0
1.062150895E0,7.178468257E-2,3.839882135E0,9.159127235E0
1.082260999E0,1.453639716E-1,3.853042603E0,9.051449776E0
1.102371103E0,1.543370634E-1,3.878167391E0,9.041878700E0
1.122481207E0,2.249253243E-1,3.893122435E0,9.206983566E0
1.142591311E0,3.332005441E-1,3.921238184E0,9.393025398E0
1.162701415E0,4.031906128E-1,3.908077478E0,9.322437286E0
1.182811520E0,4.025924206E-1,3.940979004E0,9.171091080E0
1.202921624E0,5.060819983E-1,4.055834293E0,9.013164520E0
1.223031728E0,6.891329288E-1,4.110270977E0,8.880363464E0
1.243141884E0,7.621139884E-1,4.101297855E0,9.061020851E0
1.263251988E0,6.861419082E-1,4.069592953E0,9.330811501E0
1.283362093E0,5.575276613E-1,3.963112593E0,9.300901413E0
1.303472197E0,5.060819983E-1,4.007379532E0,9.134002686E0
1.323582301E0,5.958128572E-1,4.063013077E0,9.022735596E0
1.343692405E0,6.137589812E-1,4.065405846E0,8.906085968E0
1.363802509E0,5.288137794E-1,4.054637909E0,8.913862228E0
1.383912613E0,5.000999570E-1,4.044468403E0,8.969495773E0
1.404022718E0,5.216353536E-1,4.063611031E0,8.992825508E0
1.424132822E0,5.539384484E-1,4.054637909E0,9.068798065E0
1.444242978E0,4.971089065E-1,4.026522160E0,9.107083321E0
1.464353082E0,5.048855543E-1,4.035495281E0,8.991629601E0
1.484463186E0,5.264210105E-1,4.111467361E0,8.928219795E0
1.504573290E0,4.827519655E-1,4.110270977E0,8.882756233E0
1.524683395E0,3.984049559E-1,4.100699902E0,8.832506180E0
1.544793499E0,3.667000830E-1,4.105485439E0,8.800203323E0
1.564903603E0,3.182454109E-1,4.070789337E0,8.911469460E0
1.585013707E0,2.835494876E-1,4.037888050E0,8.967103004E0
1.605123811E0,1.501496136E-1,4.049852371E0,8.966505051E0
1.625233915E0,5.084748194E-2,3.976871252E0,8.988039970E0
1.645344020E0,6.161518395E-2,3.975674868E0,9.093922615E0
1.665454176E0,8.973085135E-2,4.005585194E0,9.114261627E0
1.685564280E0,4.546362907E-2,4.022335052E0,9.029315948E0
1.705674384E0,3.589234129E-2,4.022933006E0,9.168100357E0
1.725784488E0,2.153540403E-2,4.048057556E0,9.220144272E0
1.745894593E0,1.142572835E-1,4.054039955E0,9.161520004E0
1.766004697E0,2.440679073E-1,4.034897327E0,9.192028046E0
1.786114801E0,2.321037948E-1,4.045066833E0,9.321838379E0
1.806224905E0,1.920240223E-1,4.001996040E0,9.437292099E0
1.826335009E0,1.633101404E-1,3.967898130E0,9.356534958E0
1.846445113E0,1.513460279E-1,3.966701746E0,9.193822861E0
1.866555218E0,1.256231815E-1,3.966701746E0,9.072985649E0
1.886665322E0,6.041877344E-2,3.920639992E0,8.989834785E0
1.906775426E0,1.794617064E-2,3.896113396E0,8.929415703E0
1.926885530E0,-5.982056726E-3,3.893122435E0,9.007183075E0
1.946995686E0,-1.016949583E-2,3.888336897E0,9.085547447E0
1.967105790E0,-3.589233849E-3,3.881158352E0,9.140582085E0
1.987215895E0,-2.512463741E-2,3.903890133E0,9.105886459E0
2.007325999E0,-6.520441920E-2,3.904488325E0,8.989834785E0
2.027436103E0,-8.315058798E-2,3.932005882E0,8.897710800E0
2.047546207E0,-4.486542568E-2,3.967299938E0,9.002396584E0
2.067656311E0,-5.084748194E-2,3.948755503E0,9.156135559E0
2.087766415E0,-3.349951655E-2,3.937389612E0,9.217152596E0
2.107876520E0,-5.982056726E-3,3.941577196E0,9.272188187E0
2.127986624E0,2.751746029E-2,3.906881094E0,9.332606316E0
2.148096728E0,5.982056633E-2,3.926621914E0,9.458827972E0
2.168206832E0,8.913264424E-2,3.903890133E0,9.528818130E0
2.188316936E0,1.046859920E-1,3.915854216E0,9.413364410E0
2.208427093E0,1.740778536E-1,3.971487284E0,9.214759827E0
2.228537197E0,2.153540403E-1,3.914657831E0,9.031708717E0
2.248647301E0,9.451649338E-2,3.922434568E0,8.931808472E0
2.268757405E0,7.956135273E-2,3.984049797E0,8.834300995E0
2.288867509E0,2.123630047E-1,3.961916208E0,8.830712318E0
2.308977613E0,2.362912297E-1,3.917648792E0,9.007183075E0
2.329087718E0,1.663011760E-1,3.884747505E0,9.285347939E0
2.349197822E0,1.668993831E-1,3.896113396E0,9.403793335E0
2.369307926E0,1.417747438E-1,3.937389612E0,9.329017639E0
2.389418030E0,7.118647546E-2,3.909274101E0,9.300901413E0
2.409528134E0,3.661018610E-1,3.869194269E0,9.272188187E0
2.429638238E0,4.534398913E-1,4.016352654E0,9.217152596E0
2.449748343E0,4.486542344E-1,4.031906128E0,8.919246674E0
2.469858447E0,4.319044948E-1,4.080958843E0,8.639883995E0
2.489968551E0,5.036891699E-1,4.088735580E0,8.778668404E0
2.510078655E0,4.971089065E-1,4.034897327E0,9.069396019E0
2.530188811E0,3.984049559E-1,4.013361931E0,9.069396019E0
2.550298863E0,4.127618968E-1,4.068994999E0,8.840881348E0
2.570409020E0,4.965106845E-1,4.131806374E0,8.732605934E0
2.590519124E0,5.718846321E-1,4.156930923E0,8.776275635E0
2.610629228E0,5.288137794E-1,4.150351048E0,8.888737679E0
2.630739332E0,3.786641955E-1,4.118646145E0,9.156135559E0
2.650849436E0,3.230310678E-1,4.061816216E0,9.311669350E0
2.670959540E0,3.493520916E-1,4.093521118E0,9.254839897E0
2.691069645E0,4.636093974E-1,4.115056515E0,8.835497856E0
2.711179749E0,4.229314029E-1,4.243670940E0,8.551948547E0
2.731289853E0,4.372883439E-1,4.210769653E0,8.520841599E0
2.751399957E0,4.325026870E-1,4.166502476E0,8.623134613E0
2.771510061E0,1.603191197E-1,4.128815651E0,8.801400185E0
2.791620165E0,5.383851007E-3,4.072584152E0,8.985049248E0
2.811730270E0,8.793623000E-2,4.005585194E0,9.199206352E0
2.831840374E0,1.537388563E-1,3.958925009E0,9.268598557E0
2.851950478E0,1.501496136E-1,3.956532240E0,9.242876053E0
2.872060582E0,1.483550072E-1,3.966701746E0,9.223732948E0
2.892170686E0,1.417747438E-1,4.016951084E0,9.328418732E0
2.912280790E0,1.710868180E-1,4.019343853E0,9.242876053E0
2.932390895E0,1.788634956E-1,4.030111313E0,8.989834785E0
2.952500999E0,2.171486616E-1,4.071387768E0,8.834300995E0
2.972611103E0,2.159522474E-1,4.104289055E0,8.824131966E0
2.992721207E0,1.980060786E-1,4.102494240E0,8.985647202E0
3.012831363E0,1.860419661E-1,4.099503517E0,9.276374817E0
3.032941415E0,1.902294010E-1,4.053441525E0,9.431310654E0
3.053051572E0,1.537388563E-1,4.021736622E0,9.452247620E0
3.073161676E0,1.381855011E-1,3.982853174E0,9.400203705E0
3.093271780E0,1.686939895E-1,3.891327858E0,9.256634712E0
3.113381884E0,1.645065546E-1,3.867399693E0,9.198608398E0
3.133491988E0,1.692921966E-1,3.845266104E0,9.288937569E0
3.153602093E0,1.375873089E-1,3.838685751E0,9.228518486E0
3.173712197E0,1.704886109E-1,3.861417532E0,9.078369141E0
3.193822301E0,2.560320199E-1,3.905086517E0,9.014361382E0
3.213932405E0,3.445664644E-1,3.895515203E0,9.075378418E0
3.234042509E0,3.122633696E-1,3.937987804E0,9.069396019E0
3.254152613E0,3.086741269E-1,3.913461447E0,8.995817184E0
3.274262718E0,2.482553422E-1,3.918246984E0,8.982656479E0
3.294372822E0,2.003988922E-1,3.981058598E0,8.990432739E0
3.314482926E0,2.943171859E-1,4.006781578E0,8.868997574E0
3.334593030E0,3.655036688E-1,3.989433527E0,8.868398666E0
3.354703134E0,3.056831062E-1,3.947559118E0,9.072985649E0
3.374813238E0,2.458625287E-1,3.890131474E0,9.220144272E0
3.394923343E0,2.249253243E-1,3.882952929E0,9.274580956E0
3.415033447E0,2.446661144E-1,3.874577999E0,9.217751503E0
3.435143551E0,3.032902777E-1,3.861417532E0,9.123832703E0
3.455253655E0,3.595215976E-1,3.878167391E0,9.081359863E0
3.475363759E0,2.787638307E-1,3.905086517E0,8.995817184E0
3.495473863E0,1.992024779E-1,3.929612875E0,8.853444099E0
3.515583968E0,2.733799815E-1,3.940979004E0,8.854640007E0
3.535694072E0,4.097708762E-1,3.933202267E0,9.040083885E0
3.555804176E0,3.876372576E-1,3.936791420E0,9.271589279E0
3.575914280E0,3.044866920E-1,3.944568157E0,9.214759827E0
3.596024384E0,3.469592929E-1,3.987040758E0,8.989834785E0
3.616134488E0,4.325026870E-1,4.046263218E0,8.916254997E0
3.636244593E0,4.025924206E-1,4.049253941E0,8.978468895E0
3.656354697E0,3.026920557E-1,3.991826296E0,9.090332985E0
3.676464801E0,2.159522474E-1,3.950550079E0,9.187242508E0
3.696574905E0,1.345962733E-1,3.845864296E0,9.084949493E0
3.716685009E0,7.776673418E-3,3.842873096E0,8.837890625E0
3.736795113E0,1.609173268E-1,3.914657831E0,9.063413620E0
3.756905218E0,4.450650215E-1,3.908675671E0,9.317052841E0
3.777015322E0,4.474578202E-1,3.842274904E0,9.471389771E0
3.797125426E0,2.512463629E-1,3.854837179E0,9.518050194E0
3.817235530E0,1.100698411E-1,3.892524242E0,9.308079720E0
3.837345634E0,1.986042857E-1,3.878765583E0,8.945567131E0
3.857455738E0,2.769692242E-1,3.878167391E0,8.964112282E0
3.877565895E0,2.063809484E-1,3.823132277E0,9.190233231E0
3.897675947E0,6.460621208E-2,3.775275946E0,9.273384094E0
3.917786103E0,2.991028363E-3,3.770490170E0,9.229715347E0
3.937896155E0,-1.196411345E-2,3.776472330E0,9.286544800E0
3.958006259E0,7.956135273E-2,3.696312666E0,9.335597992E0
3.978116363E0,7.118647546E-2,3.715455294E0,9.247661591E0
3.998226520E0,1.076770201E-1,3.759722471E0,9.007781029E0
4.018336624E0,3.320041299E-1,3.847658873E0,8.911469460E0
4.038446728E0,4.354937077E-1,3.809373617E0,9.339186668E0
4.058556832E0,3.798605800E-1,3.729214191E0,9.759127617E0
4.078666936E0,3.056831062E-1,3.690330744E0,9.830911636E0
4.098777040E0,3.056831062E-1,3.741178274E0,9.590433121E0
4.118887145E0,3.906283081E-1,3.778865099E0,9.196813583E0
4.138997249E0,3.672982752E-1,3.793222189E0,8.863015175E0
4.159107353E0,2.153540403E-1,3.763910055E0,8.850452423E0
4.179217405E0,-2.991028363E-3,3.692125320E0,9.087342262E0
4.199327561E0,-1.423729509E-1,3.609572887E0,9.290732384E0
4.219437665E0,-1.316052526E-1,3.588037491E0,9.322437286E0
4.239547770E0,-7.657032460E-2,3.613162279E0,9.251250267E0
4.259657874E0,-8.614161611E-2,3.650849104E0,9.190233231E0
4.279767978E0,-5.264209956E-2,3.671786308E0,9.138189316E0
4.299878082E0,6.221338734E-2,3.670589924E0,9.168698311E0
4.319988186E0,1.220339537E-1,3.764508247E0,9.248857498E0
4.340098290E0,1.728814393E-1,3.899104595E0,9.133403778E0
4.360208395E0,2.201396823E-1,3.938585997E0,9.017352104E0
4.380318499E0,2.650051117E-1,3.921238184E0,9.391230583E0
4.400428551E0,2.578266263E-1,3.822534084E0,9.783055305E0
4.420538655E0,2.189432681E-1,3.802195072E0,9.798608780E0
4.440648811E0,2.129612118E-1,3.783650875E0,9.473783493E0
4.460758863E0,3.224328458E-1,3.795614958E0,9.132207870E0
4.480868968E0,4.384847581E-1,3.778865099E0,8.974879265E0
4.500979124E0,4.612165689E-1,3.784249067E0,8.963513374E0
4.521089176E0,3.499503136E-1,3.747160196E0,8.973084450E0
4.541199280E0,2.847459018E-1,3.701098442E0,9.123234749E0
4.561309436E0,3.098705411E-1,3.681955814E0,9.169894218E0
4.581419488E0,3.798605800E-1,3.700500250E0,8.971290588E0
4.601529593E0,3.984049559E-1,3.762115479E0,8.739784241E0
4.621639697E0,3.732803464E-1,3.819543123E0,8.678169250E0
4.641749801E0,3.194418252E-1,3.852444410E0,8.797212601E0
4.661859905E0,2.859423161E-1,3.866203070E0,8.968298912E0
4.681970061E0,3.332005441E-1,3.827918053E0,9.069396019E0
4.702080113E0,3.493520916E-1,3.820141315E0,9.141778946E0
4.722190218E0,3.714857101E-1,3.832105398E0,9.236893654E0
4.742300322E0,3.762713671E-1,3.869194269E0,9.250652313E0
4.762410426E0,4.037888348E-1,3.897309780E0,9.147162437E0
4.782520530E0,4.007977843E-1,3.952943087E0,9.099904060E0
4.802630634E0,3.738785386E-1,4.010969162E0,9.098708153E0
4.822740738E0,5.850451589E-1,4.003790379E0,9.256634712E0
4.842850843E0,6.173482537E-1,4.030111313E0,9.308678627E0
4.862960947E0,6.005984545E-1,4.006183147E0,9.281160355E0
4.883071051E0,5.814558864E-1,3.973880291E0,9.324830055E0
4.903181155E0,4.827519655E-1,3.940380573E0,9.373284340E0
4.923291259E0,5.359922647E-1,3.879363775E0,9.299106598E0
4.943401363E0,5.946164131E-1,3.902095556E0,9.196813583E0
4.963511468E0,5.449653864E-1,3.908675671E0,9.145368576E0
4.983621572E0,4.839483798E-1,3.881158352E0,9.019744873E0
5.003731676E0,4.803591371E-1,3.860221148E0,8.961120605E0
5.023841780E0,4.510470629E-1,3.839882135E0,9.024530411E0
5.043951884E0,4.025924206E-1,3.832105398E0,8.976674080E0
5.064061988E0,3.972085714E-1,3.833301783E0,8.915059090E0
5.084172093E0,4.552344978E-1,3.780659676E0,8.925827026E0
5.104282197E0,4.719842672E-1,3.772284985E0,9.066405296E0
5.124392301E0,3.906283081E-1,3.760919094E0,9.090931892E0
5.144502405E0,2.853440940E-1,3.800998688E0,8.992227554E0
5.164612509E0,2.524427772E-1,3.837489367E0,8.815158844E0
5.184722613E0,3.290131092E-1,3.859024763E0,8.824729919E0
5.204832718E0,4.582255483E-1,3.873979807E0,9.032307625E0
5.224942822E0,4.516452849E-1,3.857230186E0,9.230313301E0
5.245052926E0,4.139583111E-1,3.837489367E0,9.306285858E0
5.265163030E0,4.576273263E-1,3.872185230E0,9.312267303E0
5.285273134E0,6.191428304E-1,3.909274101E0,9.289535522E0
5.305383238E0,7.280163169E-1,3.979862213E0,9.212965012E0
5.325493343E0,8.195417523E-1,3.971487284E0,9.547362328E0
5.345603447E0,8.321040869E-1,3.870988846E0,9.621540070E0
5.365713551E0,4.851447940E-1,3.949951887E0,9.019146919E0
5.385823655E0,5.240281820E-1,3.967898130E0,8.543573380E0
5.405933759E0,7.393822074E-1,4.043272018E0,8.593224525E0
5.426043863E0,7.627122402E-1,4.000799656E0,9.007183075E0
5.446153968E0,7.351947427E-1,3.909274101E0,9.263215065E0
5.466264072E0,6.717849374E-1,3.869194269E0,9.240483284E0
5.486374176E0,7.214360237E-1,3.860221148E0,9.113064766E0
5.506484280E0,7.507480979E-1,3.879961967E0,8.953942299E0
5.526594384E0,7.028916478E-1,3.887738705E0,8.940781593E0
5.546704488E0,6.424728632E-1,3.894917011E0,8.953344345E0
5.566814593E0,6.454638839E-1,3.903890133E0,8.840881348E0
5.586924697E0,6.658028960E-1,3.916452408E0,8.663812637E0
5.607034801E0,6.484549642E-1,3.933800459E0,8.647661209E0
5.627144905E0,5.736792088E-1,3.920639992E0,8.884550095E0
5.647255009E0,5.485545993E-1,3.873381615E0,9.129815102E0
5.667365113E0,5.910272002E-1,3.920041800E0,9.354142189E0
5.687475165E0,6.699903607E-1,3.974478483E0,9.355338097E0
5.707585270E0,7.872386575E-1,4.036093712E0,9.199206352E0
5.727695374E0,8.135597110E-1,4.094119549E0,9.099306107E0
5.747805478E0,6.610172391E-1,4.146163464E0,9.082556725E0
5.767915582E0,4.193421602E-1,4.161716938E0,9.065208435E0
5.788025686E0,3.224328458E-1,4.144967079E0,8.867202759E0
5.808135790E0,4.301098585E-1,4.191029072E0,8.537590981E0
5.828245895E0,5.347958803E-1,4.179064751E0,8.382058144E0
5.848355999E0,6.053841114E-1,4.097708702E0,8.687741280E0
5.868466103E0,4.743770957E-1,4.093521118E0,9.102297783E0
5.888576207E0,4.342973232E-1,4.101297855E0,9.121439934E0
5.908686311E0,6.305087805E-1,4.088137627E0,8.904889107E0
5.928796415E0,8.500502706E-1,3.952943087E0,8.944371223E0
5.948906520E0,8.596215248E-1,3.796811342E0,9.041878700E0
5.969016624E0,5.192425251E-1,3.650250912E0,8.714061737E0
5.989126728E0,2.458625287E-1,3.568296671E0,8.112865448E0
6.009236832E0,3.140579760E-1,3.537788391E0,7.581060410E0
6.029346936E0,5.120640397E-1,3.391227961E0,7.384849072E0
6.049457040E0,6.137589812E-1,3.336193085E0,7.679764271E0
6.069567145E0,4.666004181E-1,3.413361549E0,8.291130066E0
6.089677249E0,3.583251834E-1,3.477967739E0,8.626125336E0
6.109787353E0,4.067798555E-1,3.545564890E0,7.881958008E0
6.129897457E0,6.939185858E-1,3.544368505E0,7.011568546E0
6.150007561E0,1.044467092E0,3.558725595E0,6.798008919E0
6.170117665E0,1.022931695E0,3.569493294E0,7.353742123E0
6.190227770E0,6.759724021E-1,3.503690481E0,7.895118237E0
6.210337874E0,3.840480447E-1,3.470191002E0,7.756334782E0
6.230447978E0,3.870390654E-1,3.538386583E0,7.161119938E0
6.250558082E0,6.029912829E-1,3.699902058E0,6.864409924E0
6.270668186E0,6.604190469E-1,3.876372576E0,7.127620220E0
6.290778290E0,3.978067636E-1,3.981656790E0,7.708477974E0
6.310888395E0,-5.383851007E-3,4.024727821E0,8.253443718E0
6.330998499E0,-8.913264424E-2,4.182055950E0,8.559724808E0
6.351108551E0,3.158525825E-1,4.212564468E0,8.504091263E0
6.371218707E0,7.483552694E-1,4.174279213E0,8.959325790E0
6.391328759E0,1.002592683E0,4.213162422E0,1.031785107E1
6.411438863E0,8.901300430E-1,4.109074593E0,1.202393341E1
6.431549020E0,7.663014531E-1,3.655634880E0,1.269392395E1
6.451659072E0,1.054636598E0,3.291925669E0,1.196949673E1
6.471769176E0,6.807580590E-1,3.595216036E0,1.036690426E1
6.491879280E0,-6.005984545E-1,4.258028030E0,8.713463783E0
6.511989384E0,-1.567897081E0,4.704887390E0,7.604390144E0
6.532099488E0,-1.007378340E0,4.609174728E0,8.921639442E0
6.552209593E0,5.150550604E-1,4.356731892E0,1.204965687E1
6.572319697E0,9.661021233E-1,4.191627026E0,1.422832203E1
6.592429801E0,3.762713671E-1,3.912863255E0,1.389990711E1
6.612539905E0,-9.930214286E-2,3.738187075E0,1.269751358E1
6.632650009E0,1.944168359E-1,3.398406267E0,1.241157150E1
6.652760113E0,1.944168359E-1,3.131606579E0,1.266999626E1
6.672870218E0,-2.135594189E-1,2.959921598E0,1.242233849E1
6.692980322E0,-4.648058116E-1,2.927618504E0,1.148853970E1
6.713090426E0,-4.187439680E-1,2.973082066E0,1.031366348E1
6.733200530E0,-2.111666054E-1,2.957528830E0,9.183054924E0
6.753310634E0,-1.304088384E-1,2.898904562E0,8.306085587E0
6.773420738E0,-1.663011760E-1,2.812762976E0,7.880761147E0
6.793530843E0,-1.429711580E-1,2.679363251E0,7.826324463E0
6.813640947E0,-8.255238086E-2,2.600399971E0,8.108677864E0
6.833751051E0,-8.973085321E-3,2.529811859E0,8.232506752E0
6.853861155E0,1.543370634E-1,2.536391973E0,7.879564762E0
6.873971259E0,2.841476798E-1,2.660220623E0,7.307082176E0
6.894081363E0,4.103690982E-1,2.806182861E0,6.753741741E0
6.914191468E0,4.283152521E-1,2.921038151E0,6.390631199E0
6.934301572E0,4.277170599E-1,2.917448997E0,6.657430649E0
6.954411676E0,5.168496966E-1,2.757728100E0,7.546364307E0
6.974521780E0,4.677968323E-1,2.699702263E0,8.155936241E0
6.994631884E0,3.708875179E-1,2.864208698E0,7.867600918E0
7.014741988E0,2.949153781E-1,3.086741209E0,6.993024349E0
7.034852093E0,7.836493850E-2,3.220141172E0,6.897909641E0
7.054962197E0,-2.171486616E-1,3.099901676E0,8.188239098E0
7.075072301E0,-5.359922647E-1,3.041875839E0,9.945767403E0
7.095182405E0,-6.741777658E-1,3.125026464E0,1.019521904E1
7.115292457E0,-1.022333503E0,3.212364435E0,8.727222443E0
7.135402613E0,-1.045065284E0,3.400799274E0,7.448258877E0
7.155512665E0,-2.913261652E-1,3.298506021E0,7.911868095E0
7.175622770E0,2.015953064E-1,3.275176048E0,1.037468052E1
7.195732874E0,1.585244983E-1,3.693919897E0,1.281655598E1
7.215842978E0,-5.635097623E-1,4.262813568E0,1.232842064E1
7.235953082E0,-1.549950838E0,5.188836098E0,9.439086914E0
7.256063186E0,-6.759724021E-2,5.252843857E0,7.770691395E0
7.276173290E0,2.147558212E0,4.835296154E0,9.283554077E0
7.296283395E0,2.936591625E0,4.644468784E0,1.264128208E1
7.316393499E0,1.765304923E0,3.943371773E0,1.502333736E1
7.336503603E0,1.375873014E-2,3.466601849E0,1.463569927E1
7.356613707E0,-4.630111754E-1,3.711866140E0,1.240857983E1
7.376723811E0,2.189432681E-1,4.046861172E0,1.054038334E1
7.396833915E0,1.171884894E0,4.022335052E0,9.783653259E0
7.416944020E0,1.516451359E0,3.879363775E0,9.830911636E0
7.437054124E0,1.165902853E0,3.525824070E0,1.006002426E1
7.457164228E0,6.855437160E-1,3.265604734E0,9.868598938E0
7.477274332E0,4.366901219E-1,3.126821041E0,9.203393936E0
7.497384436E0,4.325026870E-1,3.024527788E0,8.312665939E0
7.517494540E0,4.815555513E-1,2.910868645E0,7.664809227E0
7.537604645E0,4.923232496E-1,2.871387243E0,7.332805157E0
7.557714749E0,4.079762697E-1,2.761317253E0,7.116254330E0
7.577824853E0,4.055834413E-1,2.590828657E0,6.986443996E0
7.597934957E0,3.690928817E-1,2.478964329E0,6.815357208E0
7.618045061E0,2.889333367E-1,2.408375978E0,6.613163471E0
7.638155165E0,2.344966233E-1,2.386242390E0,6.598806858E0
7.658265270E0,1.058823988E-1,2.383849621E0,6.966104984E0
7.678375374E0,-1.447657645E-1,2.473580360E0,7.182057381E0
7.698485478E0,-2.428714931E-1,2.696711063E0,7.125825882E0
7.718595582E0,5.084748194E-2,2.799602509E0,6.833303452E0
7.738705686E0,5.473581553E-1,2.863610506E0,6.600601196E0
7.758815790E0,8.368897438E-1,3.207578659E0,6.746563435E0
7.778925895E0,7.178468108E-1,3.610769272E0,7.493722439E0
7.799035999E0,4.576273263E-1,3.713062525E0,8.600402832E0
7.819146103E0,1.740778536E-1,3.793222189E0,9.966704369E0
7.839256207E0,-1.196411322E-3,3.893720627E0,1.100459099E1
7.859366311E0,-4.917250574E-1,4.342374802E0,1.105184937E1
7.879476415E0,-6.394818425E-1,4.820939541E0,1.049491978E1
7.899586520E0,6.999006271E-1,4.309473515E0,1.183370399E1
7.919696624E0,1.552941918E0,4.097110748E0,1.450469303E1
7.939806728E0,5.276173949E-1,4.261018753E0,1.586441422E1
7.959916832E0,-1.090528965E0,4.023531437E0,1.407398415E1
7.980026936E0,-1.331007600E0,4.206582069E0,1.206640625E1
8.000137040E0,-7.896314561E-2,4.015754700E0,1.179541969E1
8.020247145E0,2.476571500E-1,3.637090445E0,1.222792149E1
8.040357249E0,-2.488535494E-1,3.163909674E0,1.175354481E1
8.060467353E0,-7.339983582E-1,2.551945448E0,1.026580715E1
8.080577457E0,-1.083350420E0,1.962114573E0,8.643473625E0
8.100687561E0,-1.307677627E0,1.640878081E0,7.485347271E0
8.120797665E0,-1.043270707E0,1.779063582E0,6.774080753E0
8.140907770E0,-1.010967568E-1,2.133799553E0,6.361917019E0
8.161017822E0,1.244866014E0,2.483749866E0,6.391827583E0
8.181127978E0,1.987837434E0,2.740380049E0,7.203592777E0
8.201238082E0,1.558923960E0,2.855833769E0,7.990232944E0
8.221348134E0,3.487538993E-1,2.669791937E0,7.799405575E0
8.241458238E0,-2.500499785E-1,2.480160713E0,7.018148899E0
8.261568343E0,-2.303091735E-1,2.453839540E0,6.437291145E0
8.281678447E0,4.546362907E-2,2.506481647E0,6.684948444E0
8.301788551E0,-1.734796353E-2,2.320439816E0,7.675576687E0
8.321898655E0,-4.432703853E-1,2.044068813E0,8.467002869E0
8.342008759E0,-1.005583763E0,2.099103689E0,8.476573944E0
8.362118863E0,-9.804590940E-1,2.353341103E0,7.914859295E0
8.382228968E0,1.082752272E-1,2.633301258E0,8.231907845E0
8.402339072E0,1.226321578E0,2.748156786E0,9.812965393E0
8.422449176E0,1.800000787E0,3.206382275E0,1.173619652E1
8.442559280E0,1.415952802E0,3.984647989E0,1.184148121E1
8.462669384E0,1.126421213E0,3.724428415E0,1.028255749E1
8.482779488E0,1.129412293E0,3.659224033E0,1.020299530E1
8.502889593E0,9.786644578E-1,4.112065792E0,1.178524971E1
8.522999697E0,1.327418327E0,4.017549038E0,1.253599739E1
8.543109801E0,1.788036704E0,3.964907169E0,1.208614731E1
8.563219905E0,1.760519266E0,4.040879250E0,1.180080318E1
8.583330009E0,1.119242787E0,3.901497364E0,1.224048424E1
8.603440113E0,5.641079545E-1,3.769293785E0,1.271545982E1
8.623550218E0,5.491527915E-1,3.680161238E0,1.267298698E1
8.643660322E0,7.567301393E-1,3.601796389E0,1.201555920E1
8.663770426E0,8.590233326E-1,3.630510092E0,1.095314598E1
8.683880530E0,9.457631707E-1,3.641277790E0,9.805787086E0
8.703990634E0,1.101296663E0,3.516252756E0,8.779266357E0
8.724100738E0,1.167099237E0,3.318845034E0,7.983054638E0
8.744210843E0,9.146564603E-1,3.085544825E0,7.550551891E0
8.764320947E0,3.768695593E-1,2.831307411E0,7.308876991E0
8.784431051E0,-6.939185411E-2,2.611167669E0,6.824330330E0
8.804541155E0,-2.883351147E-1,2.502892494E0,6.162714481E0
8.824651259E0,-4.187439680E-1,2.454437733E0,6.565307140E0
8.844761363E0,-8.159525394E-1,2.396411896E0,7.496713161E0
8.864871468E0,-1.459621787E0,2.432902336E0,7.955537319E0
8.884981572E0,-1.638485312E0,2.438884497E0,7.707880020E0
8.905091676E0,-9.224331379E-1,2.382653236E0,7.299903870E0
8.925201780E0,-1.202393398E-1,2.388036966E0,7.174878597E0
8.945311884E0,1.974078715E-1,2.724826813E0,7.411170006E0
8.965421988E0,9.631111473E-2,3.002394199E0,7.702496052E0
8.985532093E0,2.979064286E-1,2.874976397E0,8.906683922E0
9.005642197E0,4.612165689E-1,2.701496840E0,1.100997543E1
9.025752301E0,-4.480560422E-1,3.273381472E0,1.225484085E1
9.045862405E0,-1.703689694E0,4.388436794E0,1.082393360E1
9.065972509E0,-1.163509965E0,4.414757729E0,9.759127617E0
9.086082613E0,7.118647099E-1,4.152145386E0,1.178465176E1
9.106192718E0,1.258624673E0,4.484149456E0,1.373360538E1
9.126302822E0,1.674975902E-1,4.068994999E0,1.294397449E1
9.146412926E0,-7.591229677E-1,3.333800077E0,1.145862961E1
9.166523030E0,-9.427721500E-1,3.099901676E0,1.161117172E1
9.186633134E0,-1.080957651E0,2.690729141E0,1.225723362E1
9.206743238E0,-1.351944804E0,2.395813704E0,1.189053345E1
9.226853343E0,-1.191625714E0,2.580060959E0,1.070189953E1
9.246963447E0,-7.447660565E-1,2.797807932E0,9.534201622E0
9.267073551E0,-2.560320199E-1,2.772084951E0,8.571688652E0
9.287183655E0,5.682953820E-2,2.673979282E0,7.977072716E0
9.307293759E0,2.344966233E-1,2.523829699E0,8.117650986E0
9.327403863E0,2.285145670E-1,2.377867460E0,8.615956306E0
9.347513968E0,1.417747438E-1,2.242672920E0,8.441878319E0
9.367624072E0,1.208375469E-1,2.170290232E0,7.838288784E0
9.387734176E0,3.272185028E-1,2.139183521E0,7.381857872E0
9.407844280E0,6.287141442E-1,2.128415823E0,7.223931789E0
9.427954384E0,5.012963414E-1,2.326421738E0,7.457829952E0
9.448064488E0,4.666004330E-2,2.416750908E0,7.592426300E0
9.468174593E0,-1.980060786E-1,2.487937450E0,7.082156658E0
9.488284697E0,-1.854437590E-2,2.717648268E0,6.609574318E0
9.508394801E0,3.804588020E-1,2.853441000E0,6.635895252E0
9.528504905E0,3.840480447E-1,2.883949518E0,7.155735970E0
9.548615009E0,3.337987661E-1,2.852842808E0,7.847261906E0
9.568725113E0,5.347958803E-1,2.697907448E0,8.913264275E0
9.588835218E0,6.005984545E-1,2.476571321E0,1.103928757E1
9.608945322E0,3.589234129E-2,2.452643156E0,1.381316662E1
9.629055426E0,-9.218349457E-1,2.531606436E0,1.448734474E1
9.649165530E0,-1.445264935E0,3.016152859E0,1.203111267E1
9.669275634E0,1.106680483E-1,3.340380430E0,1.013719273E1
9.689385738E0,2.197209358E0,3.738785267E0,1.046201897E1
9.709495843E0,2.798406124E0,4.191627026E0,1.165065384E1
9.729605947E0,2.417349100E0,4.083351612E0,1.176969624E1
9.749716051E0,2.304288149E0,4.117449760E0,1.085204887E1
9.769826155E0,2.712862730E0,4.569693089E0,1.000379372E1
9.789936259E0,3.048455954E0,4.811966419E0,9.314660072E0
9.810046363E0,3.154936552E0,4.751547337E0,9.278169632E0
9.830156468E0,2.697309256E0,4.337589264E0,1.076830006E1
9.850266572E0,1.765903115E0,3.542573929E0,1.287697506E1
9.870376676E0,8.673982024E-1,3.049652576E0,1.373719501E1
9.890486780E0,3.481557071E-1,2.997010469E0,1.212742329E1
9.910596884E0,4.199403822E-1,3.214757204E0,9.226125717E0
9.930706988E0,7.686942816E-1,3.169891834E0,6.899106026E0
9.950817093E0,1.048654556E0,2.877967358E0,6.486942291E0
9.970927197E0,1.051047325E0,2.713460922E0,8.725427628E0
9.991037301E0,6.448656917E-1,2.603989124E0,1.078205872E1
1.001114740E1,-2.991028316E-2,2.596810818E0,9.828518867E0
1.003125751E1,-4.701896608E-1,2.735594511E0,7.053442955E0
1.005136761E1,-1.854437590E-2,2.828316450E0,4.576273441E0
1.007147772E1,3.966103494E-1,3.045464993E0,3.358924866E0
1.009158787E1,5.461617708E-1,3.022733212E0,4.007977962E0
1.011169798E1,5.982056856E-1,2.796013355E0,5.285147190E0
1.013180808E1,3.026920557E-1,2.961117983E0,6.608377934E0
1.015191819E1,-8.673982322E-2,2.986242771E0,7.785646915E0
1.017202824E1,-3.050848842E-2,2.912663460E0,8.871390343E0
1.019213840E1,5.437689424E-1,2.916252613E0,9.568898201E0
1.021224850E1,1.098903775E0,3.081955671E0,9.480961800E0
1.023235860E1,5.120640397E-1,3.711267948E0,9.207581520E0
1.025246871E1,-8.213363886E-1,4.966901779E0,8.956933022E0
1.027257881E1,-9.230313301E-1,5.361717224E0,9.259625435E0
1.029268892E1,6.927221417E-1,4.087539196E0,1.137069321E1
1.031279902E1,1.792224169E0,3.514458179E0,1.393101311E1
1.033290912E1,1.428515077E0,3.510270834E0,1.533679676E1
1.035301923E1,-1.603191197E-1,3.306880951E0,1.437308788E1
1.037312933E1,-8.853443861E-1,3.281157970E0,1.244626713E1
1.039323944E1,-5.300102234E-1,3.129812002E0,1.091306591E1
1.041334954E1,3.086741269E-1,2.711068153E0,1.044287586E1
1.043345965E1,9.714859724E-1,2.418545485E0,1.059063339E1
1.045356975E1,7.220342159E-1,2.454437733E0,1.052243805E1
1.047367985E1,1.621137410E-1,2.468196630E0,9.767501831E0
1.049378996E1,-3.433700502E-1,2.460419893E0,8.650651932E0
1.051390006E1,-5.557330847E-1,2.422134638E0,7.546364307E0
1.053401017E1,-5.210371017E-1,2.318047047E0,6.866204739E0
1.055412027E1,-1.543370634E-1,2.251047850E0,6.952944279E0
1.057423037E1,4.067798555E-1,2.395813704E0,7.887341499E0
1.059434048E1,5.246263742E-1,2.416750908E0,8.856434822E0
1.061445058E1,3.188436031E-1,2.270190477E0,9.031708717E0
1.063456069E1,6.580262445E-3,2.175075769E0,8.575278282E0
1.065467079E1,-2.476571500E-1,1.873580098E0,8.094919205E0
1.067478090E1,-1.716850251E-1,1.789831281E0,6.879963398E0
1.069489100E1,-2.033899277E-1,2.178066730E0,5.506483078E0
1.071500110E1,-2.440679073E-1,2.526222467E0,5.081757069E0
1.073511121E1,-3.870390654E-1,2.915056229E0,6.073582172E0
1.075522131E1,-1.615155302E-2,2.889931440E0,7.838288784E0
1.077533142E1,4.695914388E-1,2.942573547E0,9.792028427E0
1.079544152E1,6.807580590E-1,3.553939819E0,1.187318611E1
1.081555162E1,8.883354068E-1,3.943969965E0,1.262333584E1
1.083566173E1,1.092921734E0,4.083351612E0,1.171107197E1
1.085577183E1,1.830509305E0,4.147359848E0,1.106022453E1
1.087588194E1,3.339184046E0,3.472583771E0,1.206461143E1
1.089599209E1,3.229114056E0,3.376272678E0,1.389930820E1
1.091610214E1,1.683948994E0,3.828516245E0,1.456212044E1
1.093621225E1,8.398807645E-1,3.764508247E0,1.289193058E1
1.095632240E1,1.037886858E0,3.836891174E0,1.107637596E1
1.097643251E1,1.359123230E0,4.012763500E0,1.029751205E1
1.099654261E1,1.106680512E0,3.937987804E0,9.926624298E0
1.101665272E1,8.327022791E-1,3.500101328E0,9.643673897E0
1.103676282E1,8.141579032E-1,3.099901676E0,9.813564301E0
1.105687293E1,8.362914920E-1,2.778067112E0,9.983454704E0
1.107698303E1,7.244270444E-1,2.563909531E0,9.459425926E0
1.109709313E1,6.251249313E-1,2.500499725E0,8.222336769E0
1.111720324E1,4.977070987E-1,2.535195589E0,6.807580471E0
1.113731334E1,3.104687333E-1,2.723032236E0,5.918646812E0
1.115742345E1,6.041877344E-2,2.665006161E0,6.351149559E0
1.117753355E1,8.853443712E-2,2.304288149E0,7.450651646E0
1.119764366E1,1.543370634E-1,2.072782516E0,8.091329575E0
1.121775376E1,3.074777126E-1,1.764706731E0,8.263014793E0
1.123786386E1,3.044866920E-1,1.742573142E0,8.461020470E0
1.125797397E1,1.884347796E-1,1.957927108E0,8.036294937E0
1.127808407E1,1.776670814E-1,2.153540373E0,6.881159782E0
1.129819418E1,6.388836503E-1,2.237289190E0,6.233303070E0
1.131830428E1,1.071984529E0,2.273779631E0,7.068397999E0
1.133841438E1,8.697910309E-1,2.324028969E0,8.474181175E0
1.135852449E1,3.164508045E-1,2.497508526E0,8.982656479E0
1.137863459E1,1.603191197E-1,2.629113913E0,9.456435204E0
1.139874470E1,5.898307562E-1,2.705085993E0,1.098425198E1
1.141885480E1,8.805587292E-1,3.136990547E0,1.267179012E1
1.143896496E1,-3.110669367E-2,4.593023300E0,1.245045471E1
1.145907501E1,-4.731806815E-1,4.770092010E0,1.058943653E1
1.147918516E1,7.716853023E-1,3.505485058E0,1.094596672E1
1.149929527E1,1.179063320E0,3.940380573E0,1.311207008E1
1.151940537E1,-1.208375469E-1,4.678566456E0,1.312463188E1
1.153951548E1,-1.366301775E0,4.219742775E0,1.105902767E1
1.155962558E1,-1.115653515E0,3.811766386E0,1.021077251E1
1.157973569E1,-5.467599630E-1,3.637688637E0,1.141077328E1
1.159984579E1,-7.244270444E-1,3.288934708E0,1.247019482E1
1.161995590E1,-1.238285661E0,3.040081263E0,1.251027489E1
1.164006600E1,-1.339382529E0,2.994617462E0,1.167278671E1
1.166017610E1,-1.117448211E0,2.994019270E0,1.064387321E1
1.168028621E1,-6.113662124E-1,2.808575630E0,9.655039787E0
1.170039631E1,-2.554338276E-1,2.580060959E0,8.754739761E0
1.172050642E1,-1.250249892E-1,2.464607239E0,8.353343964E0
1.174061652E1,3.589233849E-3,2.264806747E0,8.166105270E0
1.176072662E1,-2.392822690E-2,1.998006940E0,7.942376614E0
1.178083673E1,-2.853440940E-1,1.742573142E0,7.527820110E0
1.180094683E1,-4.474578202E-1,1.542174220E0,6.785446644E0
1.182105694E1,-1.034297585E0,1.707877159E0,6.415755749E0
1.184116704E1,-1.356132269E0,1.977667928E0,6.461817741E0
1.186127714E1,-1.041476011E0,2.225923300E0,6.104688644E0
1.188138730E1,-2.039881349E-1,2.437688112E0,5.435894966E0
1.190149740E1,1.002592683E0,2.842075109E0,5.303691387E0
1.192160751E1,2.029113531E0,3.150749207E0,6.061019897E0
1.194171761E1,2.143969059E0,3.087937593E0,7.258029461E0
1.196182772E1,1.268195987E0,2.960519791E0,8.392227173E0
1.198193782E1,4.019941986E-1,3.010170937E0,9.199805260E0
1.200204793E1,3.002992272E-1,2.947957516E0,9.513264656E0
1.202215803E1,7.956135273E-1,3.046661377E0,9.871589661E0
1.204226813E1,1.037288666E0,3.512065411E0,1.043330479E1
1.206237824E1,8.189435601E-1,3.902693748E0,1.081077290E1
1.208248834E1,6.604190469E-1,3.711866140E0,1.091127110E1
1.210259845E1,1.448255897E0,2.654836655E0,1.178644657E1
1.212270855E1,1.927418590E0,1.990230203E0,1.380060482E1
1.214281866E1,1.851446509E0,2.224726915E0,1.574776363E1
1.216292881E1,1.548754454E0,2.571686029E0,1.592483330E1
1.218303886E1,1.526022673E0,2.742773056E0,1.453699589E1
1.220314902E1,1.909472466E0,2.949153900E0,1.331366539E1
1.222325912E1,2.261217356E0,3.140579700E0,1.263948727E1
1.224336923E1,2.027917147E0,3.076571703E0,1.206221867E1
1.226347933E1,1.678565025E0,2.845066071E0,1.136291695E1
1.228358944E1,1.292124271E0,2.693720102E0,1.056490993E1
1.230369954E1,1.039681435E0,2.647658348E0,9.678967476E0
1.232380964E1,8.554341197E-1,2.605185747E0,8.690134048E0
1.234391975E1,7.992027402E-1,2.455634356E0,7.511070251E0
1.236402985E1,7.782655358E-1,2.468196630E0,6.550950050E0
1.238413996E1,8.584251404E-1,2.450848579E0,6.145965099E0
1.240425006E1,9.116654396E-1,2.282154560E0,6.166902065E0
1.242436022E1,6.245267391E-1,2.117648125E0,6.470192432E0
1.244447032E1,2.518445849E-1,2.022533417E0,6.635297298E0
1.246458043E1,-1.609173268E-1,1.971685886E0,6.586244106E0
1.248469053E1,-5.545366406E-1,1.966900229E0,6.241677761E0
1.250480063E1,-8.093722463E-1,2.095514536E0,6.061617851E0
1.252491074E1,-8.494520187E-1,2.176272154E0,6.331408501E0
1.254502084E1,-6.257231236E-1,2.083550215E0,7.186842918E0
1.256513095E1,-1.112662554E-1,1.956132531E0,8.280961037E0
1.258524105E1,2.315055877E-1,2.064407825E0,9.214759827E0
1.260535116E1,5.443671346E-1,2.084148407E0,9.970293999E0
1.262546131E1,5.048855543E-1,2.389233351E0,1.038126087E1
1.264557142E1,1.854437590E-1,2.739781857E0,1.063071251E1
1.266568152E1,4.061816335E-1,2.883949518E0,1.084008503E1
1.268579162E1,5.006981492E-1,3.458226919E0,1.137727356E1
1.270590173E1,1.328016520E-1,4.089334011E0,1.235474110E1
1.272601183E1,4.426721856E-2,3.836292982E0,1.382632732E1
1.274612194E1,8.333004713E-1,2.817548752E0,1.577707577E1
1.276623204E1,1.553540111E0,2.220539331E0,1.720200157E1
1.278634214E1,8.877372146E-1,2.475973129E0,1.640878105E1
1.280645225E1,-2.632105052E-1,2.905484915E0,1.387717533E1
1.282656240E1,-1.878365725E-1,2.803789854E0,1.221775246E1
1.284667251E1,4.061816335E-1,2.516651154E0,1.161176968E1
1.286678261E1,5.557330847E-1,2.352144718E0,1.160279655E1
1.288689272E1,3.649054468E-1,2.208575249E0,1.131625652E1
1.290700282E1,-1.160518974E-1,2.174477577E0,1.017488003E1
1.292711293E1,-4.911268353E-1,2.217548370E0,8.336593628E0
1.294722303E1,-5.952146053E-1,2.357528448E0,6.393621922E0
1.296733313E1,-5.102694035E-1,2.633899450E0,5.273182869E0
1.298744324E1,-3.900300860E-1,3.001796007E0,5.998208046E0
1.300755340E1,-3.200400174E-1,2.826521635E0,7.716254711E0
1.302766350E1,-4.474578202E-1,2.580060959E0,8.812766075E0
1.304777360E1,-4.181457460E-1,2.533401012E0,9.128020287E0
1.306788371E1,-1.579262912E-1,2.536391973E0,9.281759262E0
1.308799381E1,1.555334684E-2,2.618944407E0,9.611370087E0
1.310810392E1,-1.118644550E-1,2.705684185E0,9.797411919E0
1.312821402E1,-2.985046208E-1,2.741576433E0,9.473783493E0
1.314832412E1,-2.398804724E-1,2.787040234E0,8.819944382E0
1.316843428E1,1.375873014E-2,2.864806890E0,8.604590416E0
1.318854438E1,3.230310678E-1,2.883949518E0,9.034101486E0
1.320865449E1,2.691925466E-1,2.856431961E0,9.537193298E0
1.322876459E1,-1.040877849E-1,2.928216696E0,9.774680138E0
1.324887470E1,-7.657032460E-2,2.899502754E0,9.519845009E0
1.326898480E1,1.495514214E-1,2.895913601E0,9.148359299E0
1.328909490E1,2.075773627E-1,2.990430117E0,9.203393936E0
1.330920501E1,1.591227055E-1,2.872583628E0,9.623334885E0
1.332931516E1,1.094716340E-1,2.694318295E0,1.001396275E1
1.334942527E1,6.101697683E-2,2.659622431E0,1.009531879E1
1.336953537E1,-4.546362907E-2,2.717648268E0,9.877572060E0
1.338964548E1,-2.392822690E-2,2.800798893E0,9.580862045E0
1.340975558E1,1.322034448E-1,2.800798893E0,9.494122505E0
1.342986569E1,3.589234054E-1,2.761915445E0,9.767501831E0
1.344997584E1,3.008974493E-1,2.746362209E0,1.021854877E1
1.347008595E1,1.178465188E-1,2.638685226E0,1.013180923E1
1.349019605E1,3.649054468E-2,2.591426849E0,9.772886276E0
1.351030616E1,2.051845491E-1,2.587837696E0,9.634101868E0
1.353041626E1,2.614158690E-1,2.671586514E0,9.739386559E0
1.355052636E1,2.614158690E-1,2.739183664E0,9.565308571E0
1.357063647E1,3.427718580E-1,2.750549555E0,9.244071960E0
1.359074657E1,5.629115105E-1,2.827120066E0,9.157930374E0
1.361085673E1,6.317051649E-1,2.782254457E0,9.249456406E0
1.363096683E1,5.096712112E-1,2.834298372E0,9.361918449E0
1.365107694E1,3.714857101E-1,2.880958557E0,9.458230019E0
1.367118704E1,5.024927258E-1,2.770888567E0,9.276374817E0
1.369129714E1,6.089733839E-1,2.814557552E0,9.331410408E0
1.371140730E1,5.312066078E-1,2.812164783E0,9.690931320E0
1.373151741E1,3.158525825E-1,2.800200701E0,9.835697174E0
1.375162751E1,2.703889608E-1,2.842673302E0,9.608977318E0
1.377173761E1,4.127618968E-1,2.833700180E0,9.410373688E0
1.379184772E1,3.702892959E-1,2.947957516E0,9.327820778E0
1.381195782E1,1.836491376E-1,3.008376360E0,9.106484413E0
1.383206798E1,1.262213886E-1,2.971287489E0,8.969495773E0
1.385217808E1,2.069791555E-1,2.949752092E0,9.192625999E0
1.387228819E1,1.884347796E-1,2.950350285E0,9.500701904E0
1.389239829E1,7.357929647E-2,2.934797049E0,9.517452240E0
1.391250840E1,5.563312769E-2,2.912663460E0,9.370293617E0
1.393261850E1,1.280160099E-1,2.918645382E0,9.485747337E0
1.395272866E1,2.057827413E-1,2.916252613E0,9.704689980E0
1.397283876E1,1.932204217E-1,2.899502754E0,9.626325607E0
1.399294886E1,2.380858511E-1,2.933002472E0,9.601201057E0
1.401305897E1,3.607180119E-1,2.944368362E0,9.646664619E0
1.403316907E1,3.373879790E-1,2.937189817E0,9.439086914E0
1.405327918E1,4.121637046E-1,2.941975355E0,9.309276581E0
1.407338933E1,5.611169338E-1,2.933002472E0,9.466604233E0
1.409349944E1,4.372883439E-1,2.925225735E0,9.699904442E0
1.411360954E1,2.105683982E-1,2.913261652E0,9.739386559E0
1.413371965E1,2.291127741E-1,2.990430117E0,9.370891571E0
1.415382975E1,3.834498227E-1,3.041277647E0,8.958727837E0
1.417393991E1,5.114658475E-1,3.029911757E0,8.942576408E0
1.419405001E1,4.474578202E-1,3.014358282E0,9.397212982E0
1.421416011E1,3.062812984E-1,2.880360365E0,9.876974106E0
1.423427022E1,2.679961324E-1,2.806182861E0,1.007797050E1
1.425438032E1,5.353940725E-1,2.895913601E0,9.637093544E0
1.427449048E1,5.928218365E-1,3.088535786E0,9.229117393E0
1.429460058E1,5.479564071E-1,3.010170937E0,9.077172279E0
1.431471069E1,4.121637046E-1,2.998206854E0,9.101698875E0
1.433482079E1,2.656033039E-1,2.925823927E0,9.301499367E0
1.435493090E1,9.451649338E-2,2.781058073E0,9.506684303E0
1.437504105E1,1.854437590E-2,2.810370207E0,9.523433685E0
1.439515116E1,1.136590764E-1,2.830709219E0,9.451051712E0
1.441526126E1,2.667997181E-1,2.868396044E0,9.499505997E0
1.443537136E1,4.091726840E-1,2.910270452E0,9.521040916E0
1.445548147E1,4.779663086E-1,2.897109985E0,9.472586632E0
1.447559162E1,5.862415433E-1,2.900100946E0,9.521040916E0
1.449570173E1,5.575276613E-1,2.909672260E0,9.647860527E0
1.451581183E1,4.001995921E-1,2.898904562E0,9.725627899E0
1.453592194E1,3.708875179E-1,2.876770973E0,9.623932838E0
1.455603209E1,5.276173949E-1,2.885744095E0,9.403194427E0
1.457614220E1,5.497509837E-1,2.921038151E0,9.342776299E0
1.459625230E1,3.894318938E-1,2.919841766E0,9.372686386E0
1.461636240E1,3.391826153E-1,2.893520832E0,9.500103951E0
1.463647251E1,4.079762697E-1,2.880360365E0,9.643673897E0
1.465658266E1,3.792623878E-1,2.806781054E0,9.620942116E0
1.467669277E1,3.367897868E-1,2.769692183E0,9.453444481E0
1.469680287E1,3.008974493E-1,2.796013355E0,9.538987160E0
1.471691298E1,2.530409992E-1,2.752942562E0,9.738788605E0
1.473702313E1,1.986042857E-1,2.724826813E0,9.830911636E0
1.475713324E1,2.093719840E-1,2.724826813E0,9.866206169E0
1.477724334E1,2.362912297E-1,2.715853691E0,9.673583984E0
1.479735345E1,1.980060786E-1,2.712862730E0,9.391828537E0
1.481746360E1,2.829512656E-1,2.711666346E0,9.372686386E0
1.483757371E1,4.001995921E-1,2.739183664E0,9.601201057E0
1.485768381E1,3.044866920E-1,2.796013355E0,9.678967476E0
1.487779392E1,2.548356056E-1,2.736192703E0,9.466604233E0
1.489790402E1,2.877369225E-1,2.745764017E0,9.295517921E0
1.491801418E1,3.451646566E-1,2.856431961E0,9.311669350E0
1.493812428E1,4.313062727E-1,2.844467878E0,9.417551994E0
1.495823438E1,5.090730190E-1,2.790629387E0,9.410373688E0
1.497834449E1,4.289134443E-1,2.784647465E0,9.541978836E0
1.499845464E1,4.767699242E-1,2.784049034E0,9.753145218E0
1.501856475E1,3.116651475E-1,2.819343328E0,9.548559189E0
1.503867485E1,1.800599098E-1,2.743371248E0,9.394820213E0
1.505878496E1,3.020938635E-1,2.695514679E0,9.558130264E0
1.507889511E1,5.186443329E-1,2.714657307E0,9.801599503E0
1.509900522E1,4.869394004E-1,2.671586514E0,9.947562218E0
1.511911532E1,3.517449200E-1,2.672184706E0,9.842277527E0
1.513922543E1,3.571287692E-1,2.700300455E0,9.644869804E0
1.515933558E1,3.828516304E-1,2.696112871E0,9.592825890E0
1.517944569E1,3.284149170E-1,2.687139750E0,9.577870369E0
1.519955579E1,3.439682424E-1,2.682952404E0,9.535398483E0
1.521966595E1,3.571287692E-1,2.743371248E0,9.507282257E0
1.523977605E1,3.912265003E-1,2.783450842E0,9.589237213E0
1.525988616E1,3.625126183E-1,2.794218540E0,9.482157707E0
1.527999626E1,3.445664644E-1,2.808575630E0,9.432506561E0
1.530010642E1,3.535395563E-1,2.829512835E0,9.379266739E0
1.532021652E1,2.865405083E-1,2.793620348E0,9.466604233E0
1.534032662E1,3.140579760E-1,2.769692183E0,9.598209381E0
1.536043673E1,2.877369225E-1,2.870789051E0,9.480362892E0
1.538054688E1,3.290131092E-1,2.849253654E0,9.381659508E0
1.540065699E1,3.451646566E-1,2.854637384E0,9.498309135E0
1.542076709E1,4.348955154E-1,2.817548752E0,9.654440880E0
1.544087725E1,3.355933726E-1,2.801397085E0,9.747760773E0
1.546098735E1,2.404786795E-1,2.837887764E0,9.705288887E0
1.548109746E1,2.817548811E-1,2.842075109E0,9.689735413E0
1.550120756E1,3.008974493E-1,2.799004316E0,9.659825325E0
1.552131772E1,2.835494876E-1,2.803789854E0,9.584450722E0
1.554142782E1,3.631108403E-1,2.819343328E0,9.522237778E0
1.556153793E1,4.121637046E-1,2.801397085E0,9.458230019E0
1.558164808E1,3.020938635E-1,2.775674343E0,9.427721024E0
1.560175819E1,3.822534084E-1,2.822334290E0,9.553344727E0
1.562186829E1,4.187439680E-1,2.818146944E0,9.511469841E0
1.564197840E1,3.876372576E-1,2.834298372E0,9.316454887E0
1.566208855E1,3.200400174E-1,2.888136864E0,9.248857498E0
1.568219866E1,2.751746178E-1,2.894119024E0,9.242876053E0
1.570230876E1,2.662015259E-1,2.870789051E0,9.351150513E0
1.572241892E1,2.793620527E-1,2.877967358E0,9.488738060E0
1.574252902E1,2.315055877E-1,2.912065268E0,9.567701340E0
1.576263912E1,2.297109663E-1,2.879761934E0,9.468997002E0
1.578274928E1,2.548356056E-1,2.876770973E0,9.456435204E0
1.580285938E1,3.391826153E-1,2.889333248E0,9.662816048E0
1.582296949E1,3.529413342E-1,2.894119024E0,9.697511673E0
1.584307965E1,3.397808075E-1,2.875574589E0,9.632308006E0
1.586318975E1,3.116651475E-1,2.839682341E0,9.544969559E0
1.588329985E1,2.997010350E-1,2.810968399E0,9.573084831E0
1.590341001E1,2.356930375E-1,2.772084951E0,9.575477600E0
1.592352011E1,2.015953064E-1,2.766701221E0,9.594620705E0
1.594363022E1,2.177468538E-1,2.819343328E0,9.525827408E0
1.596374037E1,2.327020019E-1,2.810968399E0,9.434301376E0
1.598385048E1,2.596212626E-1,2.781058073E0,9.520442963E0
1.600396058E1,2.458625287E-1,2.811566591E0,9.477970123E0
1.602407074E1,2.494517565E-1,2.815155745E0,9.419346809E0
1.604418084E1,2.757728100E-1,2.780459881E0,9.363713264E0
1.606429095E1,2.129612118E-1,2.813959360E0,9.330811501E0
1.608440110E1,1.639083475E-1,2.824128866E0,9.431908607E0
1.610451121E1,1.579262912E-1,2.786442041E0,9.614361763E0
1.612462131E1,1.477568001E-1,2.829512835E0,9.635896683E0
1.614473147E1,1.651047617E-1,2.838485956E0,9.555138588E0
1.616484157E1,3.816552162E-1,2.868396044E0,9.611968994E0
1.618495168E1,3.678964674E-1,2.902493954E0,9.606584549E0
1.620506183E1,3.002992272E-1,2.864806890E0,9.575477600E0
1.622517194E1,2.697907388E-1,2.867797852E0,9.589835167E0
1.624528204E1,2.255235314E-1,2.851048231E0,9.635896683E0
1.626539220E1,2.231307179E-1,2.807977438E0,9.632308006E0
1.628550230E1,2.123630047E-1,2.813959360E0,9.588040352E0
1.630561240E1,2.201396823E-1,2.810370207E0,9.547960281E0
1.632572256E1,2.027917206E-1,2.841476917E0,9.483354568E0
1.634583266E1,2.099701911E-1,2.837289333E0,9.489934921E0
1.636594277E1,2.297109663E-1,2.827718258E0,9.522835732E0
1.638605293E1,1.914258152E-1,2.819343328E0,9.476774216E0
1.640616303E1,1.986042857E-1,2.735594511E0,9.580264091E0
1.642627319E1,1.908276081E-1,2.689532757E0,9.667601585E0
1.644638329E1,5.503492057E-2,2.702095032E0,9.577870369E0
1.646649340E1,-5.623133108E-2,2.703889608E0,9.635298729E0
1.648660355E1,-5.084748194E-2,2.734996319E0,9.610772133E0
1.650671366E1,5.144568533E-2,2.760120869E0,9.567103386E0
1.652682376E1,4.965107143E-2,2.829512835E0,9.456435204E0
1.654693392E1,3.529413417E-2,2.825923443E0,9.430712700E0
1.656704402E1,9.511470050E-2,2.868994236E0,9.376873970E0
1.658715418E1,4.725824669E-2,2.904886723E0,9.483354568E0
1.660726428E1,7.118647546E-2,2.890529871E0,9.528220177E0
1.662737438E1,6.879365444E-2,2.892324448E0,9.530612946E0
1.664748454E1,1.076770201E-1,2.871985435E0,9.546764374E0
1.666759464E1,1.052841991E-1,2.868396044E0,9.546764374E0
1.668770475E1,1.591227055E-1,2.868994236E0,9.532406807E0
1.670781490E1,2.333002090E-1,2.891128063E0,9.556933403E0
1.672792501E1,2.667997181E-1,2.911466837E0,9.592227936E0
1.674803516E1,2.530409992E-1,2.882753134E0,9.590433121E0
1.676814527E1,2.973082066E-1,2.897708178E0,9.618548393E0
1.678825537E1,3.026920557E-1,2.885145903E0,9.722038269E0
1.680836553E1,3.086741269E-1,2.873181820E0,9.689735413E0
1.682847563E1,2.997010350E-1,2.905484915E0,9.534799576E0
1.684858579E1,2.907279432E-1,2.898904562E0,9.525228500E0
1.686869590E1,2.542374134E-1,2.924627542E0,9.363713264E0
1.688880600E1,2.315055877E-1,2.939582586E0,9.302098274E0
1.690891616E1,2.524427772E-1,2.929413080E0,9.336793900E0
1.692902626E1,2.572284341E-1,2.912663460E0,9.403793335E0
1.694913642E1,3.086741269E-1,2.858226538E0,9.521639824E0
1.696924652E1,2.344966233E-1,2.868396044E0,9.545567513E0
1.698935662E1,2.350948304E-1,2.884547710E0,9.425926208E0
1.700946678E1,2.787638307E-1,2.877369165E0,9.412766457E0
1.702957688E1,2.081755698E-1,2.879163742E0,9.461818695E0
1.704968704E1,2.249253243E-1,2.854039192E0,9.468997002E0
1.706979715E1,1.256231815E-1,2.913261652E0,9.247062683E0
1.708990730E1,2.009970993E-1,2.880958557E0,9.067003250E0
1.711001740E1,2.153540403E-1,2.868396044E0,8.916254997E0
1.713012751E1,2.697907388E-1,2.868994236E0,9.017352104E0
1.715023767E1,4.450650215E-1,2.801397085E0,7.781459332E0
1.717034777E1,-1.274178028E-1,2.755335331E0,1.099442196E1
1.719045793E1,6.939185411E-2,2.895315409E0,1.170987606E1
1.721056803E1,1.663011760E-1,2.726023197E0,1.037109184E1
