Time (s),Acceleration x (m/s^2),Acceleration y (m/s^2),Acceleration z (m/s^2),Gyroscope x (rad/s),Gyroscope y (rad/s),Gyroscope z (rad/s)
1.200002718,-0.202193514,4.36989212,8.568697929,-0.053525493,0.070629217,0.201579601
1.220115062,-1.079761267,4.738387108,8.74935627,-0.184704945,0.015347538,0.147825033
1.240227406,-1.110867858,5.221737385,9.122636795,-0.294428378,-0.131713942,0.21853061
1.260339801,-0.482751966,4.789832592,9.241081238,-0.325428873,-0.15003936,0.271979749
1.280452145,-0.044865426,4.486542225,9.674779892,-0.265565842,-0.240750179,0.283433139
1.300564489,0.113060869,4.425525665,9.303294182,-0.100255303,-0.336500496,0.280531615
1.320676833,0.466600418,4.569693089,8.110472679,0.041919392,-0.29511559,0.208757058
1.340789228,0.272183567,4.565505505,7.29691267,0.112319537,-0.12163496,0.0787993
1.360901572,-0.088534437,4.867599487,6.841079712,0.123467505,0.215018243,0.044744562
1.381013916,-0.316450805,4.919044971,6.9649086,0.142098337,0.573738277,0.06291727
1.401126312,-0.430708081,4.864010334,6.966104984,0.079791926,0.645054698,0.069789298
1.421238656,-0.555134833,4.954937458,7.24666357,-0.046500746,0.627645552,0.111174204
1.441350999,-0.540777922,4.919044971,7.869395256,-0.144083604,0.478904247,0.140494868
1.461463343,-0.768694282,4.907081127,8.41077137,-0.158438504,0.204939261,0.163554356
1.481575739,-0.656829834,4.829314232,8.404789925,-0.187606469,-0.154162571,0.207382649
1.501688083,-0.166301176,5.122435093,8.77448082,-0.255334169,-0.432556212,0.225555345
1.521800426,0.404985219,4.953741074,8.931210518,-0.239757553,-0.443398744,0.212269425
1.541912822,0.949950576,4.876572609,8.702097893,-0.155536979,-0.185773924,0.132706568
1.562025166,0.887737215,4.947759151,8.4646101,-0.050318543,0.112777673,0.037872531
1.58213751,0.620937467,4.936991215,8.17986393,0.008322794,0.289236188,-0.017561859
1.602249906,0.452841699,4.846662045,8.512466431,-0.018249061,0.373685807,-0.065818794
1.622362249,0.216550455,4.907081127,10.12881851,0.006642964,0.461189687,-0.148741305
1.642474645,-0.284745902,5.064409256,10.79103184,0.104225814,0.250141949,-0.152253673
1.662586989,-0.192024022,4.879563808,9.752547264,0.1040731,-0.054747187,-0.13469182
1.682699333,-0.005982057,4.414757729,9.732208252,-0.03672719,-0.165463254,-0.163554356
1.702811728,0.623928487,3.701098442,10.95135117,-0.120871402,-0.201655954,-0.220515862
1.722924072,1.280758262,3.451646566,11.68834019,-0.128201574,-0.101629712,-0.366508365
1.743036416,0.707079113,3.649652719,11.49811077,-0.231969252,0.154544354,-0.50791949
1.763148812,-0.814157903,3.789034605,12.00718403,-0.41155833,0.275186688,-0.516013205
1.783261156,-1.831705689,4.027718544,14.09193039,-0.55327493,0.197914511,-0.373685807
1.803373551,-0.726819873,3.514458179,16.46381569,-0.398730546,-0.113083102,-0.268620074
1.823485895,-0.290727943,3.17407918,15.62453365,0.059328541,-0.355436742,-0.289847016
1.843598291,-0.151346028,2.705684185,12.62871933,0.395294547,-0.398043335,-0.260679066
1.863710635,0.181854516,2.464009047,10.1024971,0.410871148,-0.305958122,-0.335049719
1.883822978,0.316450805,2.515454769,8.967103004,0.203946635,-0.087427512,-0.390789539
1.903935374,0.307477713,2.38624239,9.4307127,0.01641652,0.193944007,-0.377503604
1.924047718,-0.132203445,2.415554523,10.17368412,-0.007406523,0.335355133,-0.343601584
1.944160114,-0.471984267,2.336591244,10.00498962,0.025731942,0.335355133,-0.28862533
1.964272458,-0.918843865,2.37248373,9.312865257,0.042072106,0.136982501,-0.164928764
1.984384853,-0.848255634,2.542972326,8.332406998,-0.004199575,-0.191271544,-0.123696573
2.004497197,-0.590429008,2.319243431,7.512266636,-0.117664456,-0.391018599,-0.098651834
2.024609593,-0.414556533,2.318047047,7.146164894,-0.201961368,-0.509828389,-0.033138465
2.044721937,0.142971158,2.52143693,6.775875568,-0.222653821,-0.610923588,0.04214846
2.064834333,0.294317186,2.491526604,6.307480335,-0.222348407,-0.599928379,0.115602844
2.084946676,0.323031068,2.535793781,6.215356827,-0.204557478,-0.470734179,0.218377888
2.10505902,0.533599436,2.665006161,6.425925255,-0.098728187,0.040850412,0.250294656
2.125171416,0.585045159,2.991626501,6.256632805,0.031076854,0.491121203,0.223264679
2.145283812,-0.046660043,3.173480988,6.237490654,0.115221061,0.535102189,0.215323657
2.165396156,-0.560518682,3.276970625,6.656832695,0.18180342,0.350015491,0.338409394
2.185508551,-0.333200544,3.625724554,7.575676441,0.295421004,0.020997874,0.438588321
2.205620895,0.090927258,3.767499208,8.526823044,0.479286045,-0.026800923,0.438588321
2.225733291,0.221934304,3.891327858,9.320642471,0.600081086,-0.042072106,0.38605547
2.245845635,0.278763831,3.972085476,9.734601021,0.573661923,-0.177222058,0.307714313
2.265958031,0.215952247,3.923630953,9.804591179,0.399570465,-0.196616456,0.257166684
2.286070374,0.518046081,3.757927895,10.06839943,0.195547476,-0.171877146,0.205091968
2.30618277,0.661615431,3.668795347,10.19162941,0.04924956,-0.150192067,0.123543859
2.326295114,0.736989379,3.649652719,9.763314247,-0.126521736,-0.030007871,0.079257429
2.34640751,0.384048045,3.720839262,9.826724052,-0.389262408,0.182796046,0.05314371
2.366519853,-0.206380948,3.542573929,11.16191959,-0.651315868,0.363759548,0.003970507
2.386632249,-0.756131947,3.394218922,12.73938751,-0.812274158,0.473253906,-0.118351653
2.406744645,-0.853639484,3.383451223,13.91665649,-0.733322144,0.47096324,-0.156071469
2.426856989,-0.361914426,2.978466034,14.36231995,-0.440115452,0.248614833,-0.109341659
2.446969385,-0.291326165,2.426322222,14.0303154,-0.016721943,0.036421768,-0.001374406
2.467081728,-0.259023041,2.193022013,12.87817192,0.421560973,-0.03672719,0.111937761
2.487194124,-0.401994199,2.252842426,11.33719349,0.670481205,-0.084984124,0.172869772
2.50730652,-0.378664196,2.595016241,9.665208817,0.62695837,0.008170082,0.201274172
2.527418864,-0.337387979,2.662613392,8.668598175,0.33573693,0.057648711,0.226166204
2.54753126,-0.174676046,2.571087837,8.67039299,0.038559735,-0.000687203,0.243422627
2.567643603,-0.090927258,2.504687071,8.772088051,-0.145152584,-0.112166829,0.24357535
2.587755999,-0.141176537,2.780459881,8.819346428,-0.256403148,-0.31283015,0.229525864
2.607868395,0.180658117,2.069193363,8.398807526,-0.24693501,-0.445231289,0.178520113
2.627980739,0.327218503,2.283949137,7.239484787,-0.314586341,-0.407816887,0.064749807
2.648093135,0.301495642,2.544766903,6.905087948,-0.308477879,-0.399112314,0.045049984
2.668205531,0.122632161,2.550150633,6.959524632,-0.168975622,-0.396516234,0.122780301
2.688317874,0.284745902,2.740978241,6.981060028,0.057037864,-0.277401,0.144923508
2.70843027,0.195015043,2.9491539,6.537789822,0.251134574,-0.17920731,0.123085722
2.728542614,0.142372951,3.075973511,6.806384087,0.338180304,-0.325199813,0.13362284
2.74865501,0.607178748,3.259024382,6.661618233,0.362003356,-0.415910631,0.148130462
2.768767406,0.949352384,3.306282759,6.847062111,0.2836622,-0.203641206,0.082617089
2.788879801,0.781256616,3.315854073,8.01416111,0.16149275,0.008170082,-0.00335966
2.808992145,0.36011982,3.455235958,10.60738277,0.193714932,-0.518380284,-0.084755056
2.829104541,1.393819213,3.7710886,9.770493507,0.270834416,-0.996979058,-0.218225181
2.849216937,2.060220242,3.547957659,7.588837147,-0.01809635,-0.094452254,-0.375212938
2.869329281,1.86580348,3.049054146,8.740981102,-0.33291176,0.78509146,-0.405755281
2.889441676,1.10309124,2.703889608,11.413764,-0.30007872,0.745080948,-0.395370901
2.909554072,0.351146728,2.865405083,13.08395386,0.057190575,0.385444611,-0.371700555
2.929666468,0.645463884,3.276970625,12.18126202,0.38994962,0.333369881,-0.418583095
2.949778812,0.695713162,3.699303865,11.45503998,0.502650917,0.269230932,-0.503338158
2.969891208,0.691525757,3.754936934,11.49870968,0.53685838,0.131484866,-0.616344869
2.990003603,0.373280346,3.786641836,11.56211948,0.452408761,-0.04940227,-0.762795508
3.010115947,-0.136989102,3.735196114,11.16550827,0.241055593,-0.225326285,-0.834417343
3.030228343,-0.558724105,3.603590965,11.40299606,0.060397524,-0.316800654,-0.799446344
3.050340739,-0.440877587,3.411566973,11.10927773,-0.020387027,-0.330086589,-0.669641316
3.070453135,0.044267219,3.258426189,10.50329494,-0.113235809,-0.427669436,-0.455997467
3.090565478,0.476769924,3.21954298,9.875777245,-0.19172968,-0.644825637,-0.274270415
3.110677874,0.829113066,3.07298255,9.514460564,-0.252890766,-0.743477464,-0.184781298
3.13079027,1.074377418,2.826521635,8.990432739,-0.272285163,-0.588016868,-0.169510111
3.150902666,1.056431174,2.610569477,8.595617294,-0.260679066,-0.23158747,-0.155613333
3.17101501,0.949950576,2.565105915,8.404191017,-0.243117213,0.115068354,-0.158056721
3.191127406,0.524626374,2.725425005,8.334200859,-0.221432135,0.224944502,-0.164928764
3.211239801,0.298504621,2.700300455,8.012965202,-0.111097843,0.182490617,-0.173327908
3.231352197,0.346959293,2.625524759,7.078567505,0.019165333,0.363148689,-0.184475869
3.251464593,0.259621263,2.799602509,6.30927515,-0.059633963,0.450347155,-0.193944007
3.271576937,0.054436713,2.916850805,5.947958946,-0.338562101,0.277630091,-0.102622338
3.291689333,0.385842651,3.288336515,6.440880299,-0.523190677,0.23624517,0.120031484
3.311801728,0.81056869,2.983849764,6.43908596,-0.488525093,0.634670317,-0.06139015
3.331914124,-0.148953214,3.180659533,7.797012806,-0.38605547,0.789214671,-0.335049719
3.35202652,-0.391824722,3.058027267,8.662615776,-0.194783926,0.486234427,-0.368799031
3.372138916,-0.158524498,3.110669374,9.534799576,0.067422263,0.062535487,-0.342227191
3.39225126,0.019740786,3.074777126,9.101698875,0.324741662,-0.105294794,-0.287861764
3.412363656,0.172283232,2.998805046,8.356334686,0.391171306,0.057648711,-0.296719044
3.432476051,-0.144765765,3.515654564,7.443472862,-0.062382776,0.42927292,-0.193638578
3.452588447,-0.777069151,3.883551121,8.227122307,-0.720036209,0.637724519,0.062764555
3.472700843,-1.26341033,3.841676712,11.64467144,-0.961626291,0.503643572,0.296871781
3.492813239,-0.961914718,3.235096216,13.75095367,-0.561674058,0.18233791,0.394301891
3.512925635,-0.239282265,2.985046148,12.57188988,-0.026953636,0.26571855,0.336271405
3.533038031,-0.619741082,3.125624657,10.85025406,0.178138331,0.631463349,0.244644329
3.553150426,-1.554138303,3.358326674,10.88794136,0.106211066,0.74447012,0.248309404
3.57326277,-1.771286964,3.343969584,11.27378368,-0.080097348,0.553733051,0.328788549
3.593375166,-1.749751568,3.223132133,11.80140114,-0.309088707,0.387735307,0.321763784
3.613487562,-1.804786444,2.732005358,13.67737389,-0.542126954,-0.144236311,0.238535851
3.633599958,-1.127019525,1.917249203,14.36052513,-0.516471386,-0.529528201,0.090099968
3.653712353,-0.583848715,1.646860242,12.89791203,-0.240979239,-0.384604693,-0.040621344
3.673824749,-0.552742004,1.535593987,10.85862923,-0.045126341,0.000687203,-0.112854034
3.693937145,-0.909272611,1.485942841,9.613164902,0.038254309,0.346197695,-0.124460131
3.714049541,-1.400399446,1.523031592,9.196813583,0.102240562,0.554038465,-0.110868774
3.734161937,-1.832902193,1.512862086,9.469595909,0.248843908,0.429425627,-0.092085227
3.754274333,-2.028515339,1.478764415,9.920044899,0.507843137,0.054899897,0.038177952
3.774386728,-1.360917926,1.804188251,9.314660072,0.782571673,-0.297100842,0.136218935
3.794499124,-1.374676585,2.009372711,8.099106789,0.822734892,-0.428738415,0.103691325
3.81461152,-1.303490162,2.178664923,7.835297585,0.685294271,-0.697358489,0.044439137
3.834723916,-1.167099237,2.522035122,7.463213921,0.531971633,-0.843961835,-0.026571855
3.854836312,-0.859621525,2.516052961,6.884748936,0.444162309,-0.699038327,-0.060779303
3.874948656,-0.945763171,2.603989124,6.513263226,0.425073326,-0.553045809,-0.04703524
3.895061103,-0.822532773,2.975475073,5.71824789,0.345815897,-0.37590012,0.010384403
3.915173499,-0.868594647,3.260818958,5.908477306,-0.027106347,-0.006032117,0.122933008
3.935285895,-0.400797784,3.314059258,6.70588541,-0.224639073,0.135913521,0.269230932
3.955398239,-0.113060869,3.265006542,7.93818903,-0.314433634,0.264191449,0.196387395
3.975510687,-0.255433828,3.332005501,9.415159225,-0.236550599,0.178214684,0.104149461
3.995623083,-0.18843478,3.336193085,10.64865875,0.051845662,0.029244313,0.008551862
4.015735478,-0.171685025,3.229114056,10.72044373,0.481882125,-0.109112591,-0.164012492
4.035847874,-0.560518682,3.461816072,10.14676476,0.723014116,-0.172946125,-0.30267483
4.05596027,-0.876969516,3.728615999,9.522237778,0.626652956,-0.130034104,-0.268161953
4.076072666,-0.841077149,3.787240028,9.824930191,0.351008117,-0.144083604,-0.184475869
4.096185062,-0.960718274,3.531208038,10.24008465,0.151871905,-0.140723944,-0.098346412
4.116297458,-0.820738196,3.741178274,9.861420631,-0.077806666,0.003588728,-0.051463883
4.136409853,-0.829113066,3.63589406,10.4279213,-0.346808523,-0.161798164,-0.11942064
4.156522249,-0.422931403,3.390629768,10.97169018,-0.507308662,-0.399417758,-0.247240424
4.176634645,-0.461814761,3.113062143,11.57228851,-0.581679285,-0.506010592,-0.360705316
4.196747041,-0.583848715,2.721835852,11.49870968,-0.525328636,-0.349175572,-0.376587331
4.216859437,-0.617348254,2.669193745,11.08355427,-0.433396131,-0.033825666,-0.305881769
4.236971833,-0.485742986,2.903092146,10.61515903,-0.357345641,0.173633337,-0.248920262
4.257084228,-0.725025237,2.956332445,10.20120144,-0.349251926,0.25319618,-0.121711314
4.277196624,-1.048654556,2.65364027,9.999007225,-0.424233407,0.381932259,0.069789298
4.297309072,-0.864407182,2.359921217,10.95194912,-0.321611077,0.604586065,0.241742805
4.317421468,-0.331405938,2.440679073,11.21157074,0.053525493,0.670404851,0.286945492
4.337533864,0.311665148,2.854039192,10.03968525,0.344441503,0.456150204,0.153780803
4.35764626,0.108873427,3.086143017,9.046664238,0.456073821,0.077806666,-0.065513365
4.377758656,-0.744167864,2.866601467,8.312067986,0.517005861,-0.182414264,-0.166761309
4.397871051,-0.896112084,2.87856555,7.316653252,0.459586203,-0.146985129,-0.110716067
4.417983447,-0.641874671,3.066402197,6.556932449,0.202419505,0.2081462,-0.041995749
4.438095843,-0.621535659,3.089133978,6.782455921,-0.051234815,0.548998952,0.009620844
4.458208291,-0.387637258,3.234498024,7.234101295,-0.12530005,0.565339148,0.000458135
4.478320687,-0.092123672,3.418147087,7.341179848,-0.052303795,0.432632566,-0.082158953
4.498433083,-0.017347964,3.530011654,7.593024254,0.068338536,0.171189949,-0.179130957
4.518545478,-0.003589234,3.439084291,7.664210796,0.257243037,0.008780929,-0.302980244
4.538657874,-0.086141616,3.653241873,7.24307394,0.404609948,0.03061872,-0.380405128
4.55877027,-0.12023934,3.995415688,6.602396011,0.377274543,0.055510744,-0.436450362
4.578882718,-0.433100909,4.147359848,6.446264267,0.183177829,0.035352785,-0.503185451
4.598995114,-0.812961519,4.185645103,6.942774773,-0.047722444,-0.03672719,-0.555412889
4.61910751,-1.156331539,4.099503517,7.823931694,-0.149581224,0.012446013,-0.558161676
4.639219906,-1.391426325,3.951746702,8.723632812,-0.05581617,0.176992998,-0.570531368
4.659332301,-2.402393818,4.067200184,9.229117393,0.194936633,0.115679197,-0.47355935
4.679444749,-2.961716175,4.280161381,9.24407196,0.375441998,-0.247774914,-0.175924003
4.699557145,-2.840280533,4.240679741,9.958928108,0.438206554,-0.657653451,0.10017895
4.719669541,-2.755335331,4.076771736,11.13081264,0.457906365,-0.877100289,0.330468357
4.739781937,-1.966900229,4.143770695,11.72004509,0.608022094,-0.527695656,0.52929914
4.759894333,-1.389033556,4.734199524,10.88195896,0.761344731,0.121329539,0.588856757
4.780006781,-1.60378933,5.66740036,9.720243454,0.514409721,0.196692824,0.558772504
4.800119176,-1.551147223,5.852245808,9.778867722,-0.128201574,0.010308048,0.33810395
4.820231572,-1.965105653,5.244469166,11.83609676,-0.457371891,-0.313593715,0.211353153
4.84034402,-1.552941918,4.545166492,13.48116302,-0.479056954,-0.642840385,0.239146695
4.860456416,-0.882353365,3.699902058,14.41735458,-0.212422133,-0.519754648,0.261748046
4.880568812,-0.502492726,3.451646566,13.66182041,0.205168322,0.02985516,0.284043968
4.900681208,-0.813559711,3.481556892,12.04427242,0.472413987,0.343906999,0.23991026
4.920793656,-1.405185103,3.253640652,10.22154045,0.490128577,0.386819035,0.168899268
4.940906051,-2.057827473,3.018545866,8.848059654,0.287174583,0.354444116,0.193027735
4.961018447,-2.214557409,2.716451883,8.325227737,0.028786177,0.171495363,0.269230932
4.981130843,-1.745564103,2.456232548,8.45085144,-0.093077853,-0.088954635,0.355513096
5.001243291,-0.940977514,2.349153519,8.434700012,-0.08437328,-0.33314082,0.389720559
5.021355687,-0.198604286,2.277369022,8.107481003,-0.053525493,-0.379565209,0.290305167
5.041468083,-0.406779856,2.059023857,7.381857872,-0.086511239,-0.008780929,0.201732308
5.061580531,-0.894317448,1.916052699,6.755536556,-0.148664951,0.509599328,0.286334664
5.081692926,-1.212562919,1.964507341,6.622735023,-0.155536979,0.798377395,0.440573573
5.101805322,-1.147358418,2.022533417,6.889534473,0.002061609,0.805860221,0.581221163
5.12191777,-0.778265536,2.204387903,6.682555676,0.286105573,0.728435338,0.671931982
5.142030166,-0.530608416,2.545963287,6.095715523,0.50402534,0.507614076,0.678193152
5.162142562,-0.412163705,2.953939438,5.705087185,0.500971079,0.024510246,0.613443375
5.18225501,-0.213559419,3.076571703,5.959922791,0.353756905,-0.310081333,0.541516066
5.202367406,0.057427742,3.088535786,6.845267296,0.184552223,-0.384910137,0.497229666
5.222479801,0.41934216,2.897109985,8.651249886,0.117817164,-0.217232555,0.41675055
5.242592249,-0.175274253,3.479164124,10.03430176,0.233725429,-0.054441761,0.336271405
5.262704645,-0.206979156,3.601198196,9.400801659,0.233420014,-0.13049224,0.23548162
5.282817041,-0.481555551,4.2574296,8.892327309,0.013973131,-0.272514224,0.230594844
5.302929489,-0.019740786,4.562514782,9.205786705,-0.237619579,-0.28625831,0.216698065
5.323041885,0.152542442,4.698905468,9.114859581,-0.422400892,-0.107127339,0.079715565
5.343154333,-0.080757767,5.066802025,8.37787056,-0.684454382,0.075515993,-0.061084725
5.363266728,-0.185443759,5.446662426,8.128418922,-1.131289124,0.101629712,-0.237008736
5.383379124,-0.307477713,5.300700188,9.54257679,-1.580872655,0.102698699,-0.45584476
5.403491572,-0.781854808,4.785645485,11.58245754,-1.716175318,0.185392141,-0.629630804
5.423603968,-1.407577872,4.575675011,12.74536991,-1.604390383,0.176992998,-0.684148908
5.443716416,-1.728216171,4.256831646,14.12303734,-1.383263588,-0.015805673,-0.643680275
5.463828812,-1.43808639,3.659822226,15.26620865,-0.938566804,-0.244720683,-0.512806296
5.48394126,-1.232901812,3.094517946,15.15015697,-0.358872771,-0.490281284,-0.321152955
5.504053656,-0.461814761,2.707478762,13.90229988,0.175542235,-0.704994083,-0.112090468
5.524166051,0.648454964,2.733799934,11.8654089,0.507232308,-0.776615918,-0.051616594
5.544278499,1.368694544,3.089133978,9.490532875,0.457448244,-0.644825637,-0.18676655
5.564390895,1.489532113,3.217149973,8.155936241,0.12865971,-0.30244574,-0.426982224
5.584503343,0.864407182,2.871985435,8.063214302,-0.200892389,0.165234178,-0.641236901
5.604615739,-0.098703936,2.498106956,8.330612183,-0.305881769,0.683538079,-0.715149403
5.624728187,-0.957727253,2.253440619,8.564510345,-0.180276305,0.951394618,-0.611152709
5.644840583,-1.237687469,2.252842426,8.382058144,0.111708693,0.938719511,-0.41155833
5.664953031,-1.101296663,2.328814745,7.77248621,0.423088074,0.691784501,-0.217156202
5.685065426,-0.769890666,2.458027124,7.287341595,0.650017858,0.347877502,-0.094528615
5.705177874,-0.486341208,2.579462767,7.113263607,0.799217284,0.048333291,-0.039246935
5.72529027,-0.045463629,2.757129908,7.033702374,0.873129785,-0.14194563,-0.051616594
5.745402718,0.014356935,2.925823927,6.714858532,0.85205555,-0.053372778,-0.144007236
5.765515114,-0.394815743,3.18544507,6.34875679,0.690639198,0.178214684,-0.211353153
5.785627562,-0.719641388,3.431905985,6.556932449,0.457295537,0.362843275,-0.241131961
5.805739958,-0.856630504,3.660420418,7.457231998,0.243498996,0.361163437,-0.26831466
5.825852406,-1.159920812,3.786043644,8.373682976,0.142251059,0.281753302,-0.29748261
5.845964801,-1.602592945,3.929612875,8.993423462,0.064826168,0.139884025,-0.274881274
5.866077249,-1.725823283,4.080360889,9.616155624,-0.045431767,-0.001603474,-0.195471123
5.886189645,-1.564906001,4.086342812,10.4350996,-0.137211561,-0.095979378,-0.135149956
5.906302093,-1.484148264,4.079762459,10.98305607,-0.180887148,-0.078875653,-0.083686076
5.926414489,-1.402194023,4.213760853,11.35992527,-0.207688063,-0.069254808,-0.052838288
5.946526937,-1.58703959,4.284348965,11.14935684,-0.231205687,0.084067851,-0.090710819
5.966639385,-2.052443504,4.348955154,10.88136101,-0.330010235,0.345281422,-0.10017895
5.986751781,-2.542972326,4.274777889,11.11944675,-0.421331883,0.458898991,-0.089030989
6.006864228,-2.856431961,3.873979807,11.77508068,-0.430341899,0.273354143,-0.042453885
6.026976624,-2.772084951,3.330809116,12.68854046,-0.282822281,-0.025121093,0.040315919
6.047089072,-2.478366137,3.022135019,12.77707481,-0.038101599,-0.250523746,0.127056226
6.067201468,-2.108675003,2.853441,12.0598259,0.160729185,-0.300002366,0.188446373
6.087313916,-1.747956991,2.778665304,10.85743237,0.260450006,-0.139044106,0.205550104
6.107426364,-1.513460279,2.838485956,9.671789169,0.25709033,0.129805043,0.184628591
6.12753876,-1.462612867,2.810370207,8.754141808,0.202419505,0.344975978,0.142327413
6.147651208,-1.523629785,2.749951363,8.552546501,0.166684941,0.280989736,0.118351653
6.167763656,-1.473978758,2.549552441,8.221140862,0.216621712,0.102545984,0.103996746
6.187876051,-1.528415442,2.333600283,7.743772507,0.269459993,0.019928891,0.134539112
6.207988499,-1.380658627,2.208575249,7.447660446,0.354978621,0.073378026,0.219446883
6.228100947,-1.1820544,2.277967215,6.709474564,0.45973891,0.147672325,0.310921252
6.248213343,-1.000199914,2.583650351,5.958128452,0.487532467,0.070781924,0.386208177
6.268325791,-0.713659346,2.830111027,5.969494343,0.442482472,-0.222730175,0.411252916
6.288438187,-0.276371002,2.962314367,6.620342255,0.428585708,-0.511202812,0.365744799
6.308550635,-0.131007046,3.048455954,7.158128738,0.477758914,-0.544188559,0.275950253
6.328663083,-0.055034921,3.227319479,7.205387115,0.498222292,-0.341081828,0.183865026
6.348775478,-0.306879491,3.640679598,7.1563344,0.413009107,0.020081604,0.066887774
6.368887926,-0.985842943,4.210769653,7.365108013,0.228227809,0.271674305,-0.023975754
6.389000374,-1.481755376,4.61814785,7.843074322,-0.045737188,0.263122469,-0.094528615
6.409112822,-1.749153376,4.621737003,9.195617676,-0.329093963,-0.005268557,-0.140800297
6.429225218,-1.634297848,4.285545349,10.95194912,-0.480889499,-0.333751679,-0.16721943
6.449337666,-1.494915962,3.892524242,12.35593796,-0.462564081,-0.432861626,-0.143701822
6.469450114,-1.513460279,3.788436413,12.63888931,-0.303132951,-0.282440513,-0.087503873
6.48956251,-1.493121386,4.145565033,12.03470135,-0.217614338,-0.258617461,-0.000458135
6.509674958,-0.881755173,4.520041943,11.8283205,-0.238077715,-0.385826409,0.019547112
6.529787406,-0.262014091,4.711467743,11.69252777,-0.272590578,-0.407206059,-0.131484866
6.549899853,-0.235693038,4.702494621,11.21037388,-0.346655816,-0.238154069,-0.360552609
6.570012249,-0.614955425,4.312464714,11.18824005,-0.431258172,-0.051387526,-0.518762052
6.590124697,-0.936191857,3.686143398,11.51725388,-0.359025478,0.046653461,-0.559688807
6.610237145,-1.261615753,3.22492671,11.30668545,-0.170655459,0.01809635,-0.486539841
6.630349541,-1.192223907,2.934797049,10.81735325,0.009849912,-0.110639706,-0.348182946
6.650461989,-0.679561615,2.745764017,10.50030422,0.186995611,-0.184399515,-0.247545853
6.670574437,-0.14057833,2.761317253,9.79860878,0.398196071,-0.07291989,-0.221890271
6.690686885,-0.219541475,3.047259569,8.101499557,0.437442988,0.148894012,-0.276255667
6.710799333,-0.55992049,3.147160053,6.847660065,0.217690691,0.304354638,-0.359789044
6.730911728,-0.92303133,3.002992392,6.765107632,-0.026648212,0.479056954,-0.402395636
6.751024176,-1.511665702,2.780459881,7.251449108,-0.090176329,0.620315373,-0.351237178
6.771136624,-1.919043779,2.592623234,7.551748276,0.045126341,0.627950966,-0.178061977
6.791249072,-1.780858278,2.600998163,7.228118896,0.28992337,0.568087935,0.036498122
6.811361468,-1.441675663,2.890529871,6.61854744,0.514257014,0.382848531,0.164623335
6.831473916,-1.188036442,3.149552822,5.843272686,0.601760924,0.117969878,0.229373142
6.851586364,-0.963709295,3.427120209,5.24506712,0.548006356,-0.071545482,0.251821786
6.871698812,-0.846460998,3.778865099,5.012365341,0.339554727,-0.169128329,0.230442122
6.89181126,-0.769890666,4.002593994,5.789434433,0.082235314,-0.217690691,0.168288425
6.911923708,-0.788435042,4.027718544,7.078567505,-0.066505998,-0.138891399,0.104302168
6.932036103,-1.127617717,4.158127785,8.059624672,-0.078264803,0.002519745,0.086740308
6.952148551,-1.593021631,4.371686935,8.516056061,-0.101171576,-0.005573981,0.128888771
6.972260999,-1.670788407,4.625326157,9.390034676,-0.192645952,-0.248843908,0.209673315
6.992373447,-1.08335042,4.794618607,10.91486073,-0.186995611,-0.517922103,0.221126705
7.012485895,-0.988833964,4.629513741,11.72842026,-0.053372778,-0.532735169,0.163248926
7.032598343,-1.305882931,4.57806778,11.38026428,0.030313294,-0.251745433,0.200205192
7.052710739,-1.229312658,4.860421181,10.34477043,-0.051692948,0.212269425,0.274728566
7.072823187,-1.211366415,5.468796253,9.891928673,-0.329857528,0.444085956,0.232732803
7.092935635,-1.369292736,5.589035511,10.47697353,-0.667961478,0.305118203,0.064749807
7.113048083,-2.023131609,4.895116806,11.90130138,-0.876565814,0.173786044,-0.071316421
7.133160531,-2.969492912,3.89192605,13.63250923,-0.778677523,0.175618589,0.010537115
7.153272978,-3.562314749,3.014358282,14.26182079,-0.363454133,0.318709552,0.312448382
7.173385426,-3.488137245,2.793022156,13.06062412,0.108807169,0.542126954,0.74187398
7.193497874,-2.618346214,3.232105255,11.20020485,0.379412502,0.437366635,1.009272337
7.213610322,-1.667797327,3.658625841,9.783055305,0.408733159,-0.073530741,1.008814216
7.233722718,-0.655035198,3.755535126,9.035896301,0.331460983,-0.483103812,0.831821263
7.253835166,-0.244666114,3.63589406,8.359924316,0.185163081,-0.599012077,0.562284887
7.273947614,-0.358923405,3.316452265,8.174480438,-0.020387027,-0.442329764,0.317487866
7.294060062,-0.680159807,2.819343328,8.772686005,-0.101477005,-0.042682953,0.179589093
7.31417251,-1.194018483,2.413759947,8.955737114,0.070629217,0.44332239,0.185086712
7.334284958,-1.533799291,2.362912416,7.953742504,0.348412007,0.784175158,0.285112947
7.354397406,-1.54217422,2.472383976,6.497111797,0.528764665,0.877634823,0.379336149
7.374509853,-1.389631748,2.666202545,5.37487793,0.585726142,0.780051947,0.43293801
7.394622301,-1.176670551,2.967698336,4.634897232,0.537927389,0.583969951,0.41675055
7.414734749,-0.92303133,3.223132133,4.266402721,0.384299278,0.446682066,0.332148194
7.434847197,-0.794417143,3.490530014,4.40937376,0.180276305,0.456608325,0.229067728
7.454959645,-0.987039328,3.806382656,4.961517811,-0.048638713,0.257624835,0.089489125
7.475072093,-1.539781332,3.925425529,6.134000778,-0.266329408,-0.140265808,-0.040468629
7.495184541,-1.929213285,3.705285788,7.985447407,-0.376587331,-0.444009602,-0.079868279
7.515296989,-1.950748682,3.527618885,9.844072342,-0.283127695,-0.457906365,-0.031611346
7.535409437,-1.825125456,3.689732552,10.53141022,-0.057343286,-0.2758739,0.027182704
7.555521885,-1.713261008,4.261018753,9.987641335,0.00801737,-0.247164071,0.045660831
7.575634333,-1.483550072,4.526023865,9.940981865,-0.123772927,-0.344441503,-0.016798299
7.595746781,-1.332203984,4.481158733,10.03729248,-0.318251431,-0.332377255,-0.080937259
7.615859228,-1.260419369,4.662415028,10.27597713,-0.565186441,-0.245026112,-0.10185878
7.635971676,-0.960718274,4.789234638,11.02911758,-0.774248898,-0.271292538,-0.156224191
7.656084124,-0.685543716,4.77009201,11.89771271,-0.858851254,-0.314815402,-0.256403148
7.676196572,-0.928415179,4.478765965,12.22612762,-0.858393133,-0.277553737,-0.368646324
7.69630902,-1.497308731,4.09172678,12.85484123,-0.799751759,-0.239833906,-0.363301396
7.716421468,-1.538584948,3.626322746,13.8921299,-0.541821539,-0.224410012,-0.237925008
7.736533916,-1.156929731,3.285943747,14.0997076,-0.091245309,-0.205168322,-0.073301673
7.756646364,-0.611964405,3.192025423,13.16172123,0.321992874,-0.219370529,0.075897776
7.776758812,0.121435747,3.142972469,11.85464191,0.574120045,-0.24487339,0.144312665
7.79687126,0.743569613,3.105285645,10.38365364,0.697358489,-0.12972869,0.104913019
7.81698376,0.945164919,3.180659533,8.684749603,0.661013067,0.095979378,-0.032680329
7.837096208,0.713659346,3.211168051,7.484749317,0.478980601,0.333522618,-0.212116703
7.857208656,0.116650105,2.999403238,7.193423271,0.297253549,0.473101199,-0.333064467
7.877321103,-0.484546572,2.718844652,7.166503906,0.227464244,0.504101694,-0.344059706
7.897433551,-0.852443039,2.567498684,7.109674454,0.264267802,0.450194418,-0.277019233
7.917545999,-0.893719256,2.542374134,7.013363361,0.365363032,0.328941256,-0.190737054
7.937658447,-0.700498819,2.632703066,6.648457527,0.489517719,0.244491622,-0.118962504
7.957770895,-0.506680191,2.812762976,6.113063812,0.549228013,0.211811289,-0.077272177
7.977883343,-0.370887518,3.114856958,5.754738331,0.526015818,0.206619084,-0.069789298
7.997995843,-0.346959293,3.446861029,5.604588985,0.429043829,0.192111462,-0.08765658
8.018108291,-0.378065974,3.735794306,5.587240696,0.297406256,0.14690876,-0.113159455
8.038220739,-0.513260484,4.133002758,5.75772953,0.110486999,-0.001603474,-0.147366896
8.058333187,-0.745962441,4.408775806,6.629314899,-0.087427512,-0.212193072,-0.194096714
8.078445635,-0.929013372,4.424927235,7.749155998,-0.180123583,-0.328406751,-0.203412131
8.098558083,-1.070189953,4.587040901,8.74576664,-0.172487989,-0.348412007,-0.15836215
8.118670531,-1.127019525,4.770689964,9.335597992,-0.116442762,-0.340929121,-0.11163234
8.138783031,-1.236491084,4.954937458,9.614361763,-0.119344287,-0.391324014,-0.06139015
8.158895478,-0.9906286,5.169095039,10.0839529,-0.218225181,-0.485089093,-0.011453386
8.179007926,-0.52342993,5.273182869,10.94776154,-0.307714313,-0.558696151,-0.015423893
8.199120374,-0.073579296,5.221737385,11.62911797,-0.318556845,-0.463556707,-0.061848287
8.219232822,-0.024526432,5.253442287,11.42213917,-0.307408869,-0.112166829,-0.14507623
8.239345322,-0.415752947,5.453841209,10.78146076,-0.408045977,0.287098199,-0.245866016
8.25945777,-1.022333503,5.2737813,10.52602673,-0.572211146,0.593285382,-0.340241909
8.279570218,-2.036890268,4.902893543,10.80359459,-0.665518105,0.653912008,-0.369104445
8.299682666,-2.843271494,4.218546391,11.47657585,-0.57877779,0.468519837,-0.273354143
8.319795114,-3.21356082,3.544966698,11.62552929,-0.319778532,0.300231427,-0.060932014
8.339907614,-3.162115097,3.287738323,11.19541931,-0.047722444,0.114304796,0.178214684
8.360020062,-2.731407166,3.341576815,10.56251717,0.148359522,-0.160271049,0.331231922
8.38013251,-2.239681959,3.446861029,9.963115692,0.238612205,-0.446758419,0.369257182
8.400244958,-1.849651933,3.363710403,9.655039787,0.262587965,-0.592140079,0.333369881
8.420357406,-1.523629785,3.209971666,9.368498802,0.270528972,-0.562819421,0.282516867
8.440469906,-1.15393877,3.132802963,8.978468895,0.264115095,-0.41026029,0.205244675
8.460582353,-0.875773072,3.03350091,8.391629219,0.22899136,-0.159354776,0.1007898
8.480694801,-0.940379322,2.894717216,8.135597229,0.187453747,0.058412269,0.000610847
8.500807249,-1.317847013,2.785245657,7.951947689,0.228227809,0.23548162,-0.043217443
8.520919749,-1.68275249,2.789433002,7.523632526,0.321382016,0.387277156,-0.009315421
8.541032197,-1.847259045,2.950948477,7.182057381,0.436526716,0.423927993,0.073148958
8.561144645,-1.966900229,3.21954298,6.810571671,0.547548235,0.25319618,0.176382139
8.581257145,-1.677368641,3.431905985,6.597609997,0.628332734,-0.035658211,0.266176701
8.601369593,-1.241276741,3.713062525,6.217151642,0.630928874,-0.268238306,0.272437871
8.621482041,-1.185643673,4.00139761,6.135795593,0.49516806,-0.430112839,0.238230437
8.641594541,-1.175474167,4.030111313,6.739983082,0.316189826,-0.556100071,0.201121464
8.661706989,-1.077966571,4.235894203,7.406982422,0.161034614,-0.596110582,0.167677566
8.681819437,-0.847657442,4.382454872,7.991429329,-0.001603474,-0.523725152,0.094528615
8.701931885,-1.074377418,4.590032101,8.606983185,-0.190507993,-0.40033403,0.045049984
8.722044385,-1.231705427,4.721039295,9.555737495,-0.386819035,-0.432556212,0.051463883
8.742156833,-1.064207911,4.706083775,10.85623646,-0.470046967,-0.557779908,0.071621843
8.762269281,-0.74297142,4.634897232,11.77986622,-0.393080205,-0.513188064,0.108883523
8.782381781,-0.459421933,4.914857864,11.3389883,-0.360399872,-0.394683689,0.156835035
8.802494228,0.145962179,5.13021183,11.32164001,-0.474475622,-0.376510978,0.114075728
8.822606728,0.57128638,4.892724037,11.62911797,-0.541516066,-0.165615961,-0.03115321
8.842719176,0.151346028,4.667200565,11.72961617,-0.524412394,0.18233791,-0.167982996
8.862831624,-0.466600418,4.376472473,11.45862961,-0.422553599,0.453859508,-0.216239929
8.882944124,-0.904486954,4.147359848,11.03749275,-0.316266179,0.549457133,-0.197761804
8.903056572,-1.144965649,3.808775425,10.75334454,-0.214712814,0.414918006,-0.131943002
8.92316902,-1.061815023,3.562314749,10.67737293,-0.140113086,0.137593344,-0.015729317
8.94328152,-0.711266518,3.292523861,10.67318535,-0.001603474,0.009239065,0.109341659
8.963393968,-0.345164657,3.133999348,10.38724327,0.17401512,-0.007101099,0.217767045
8.983506468,0.250049979,3.110669374,9.668199539,0.356200308,0.09323056,0.273812294
9.003618916,0.658624411,3.184248686,8.386244774,0.472872138,0.295955509,0.215781793
9.023731364,0.454636306,3.308077335,7.14197731,0.474399239,0.461800516,0.090405397
9.043843864,-0.161515534,3.330210924,6.418148518,0.416063339,0.574043691,-0.006108473
9.063956312,-0.63589263,3.321237803,5.861218929,0.330392003,0.580610335,-0.027182704
9.084068812,-0.769292474,3.422334671,6.054439545,0.229907632,0.432632566,-0.009162709
9.10418126,-0.577268481,3.403192043,6.612565517,0.253883392,0.245713309,-0.01267508
9.12429376,-0.648454964,3.544368505,6.428318024,0.306721687,0.103767678,-0.01267508
9.144406208,-0.772881687,3.712464333,6.056832314,0.254646957,0.033520244,-0.007482879
9.164518708,-0.929611623,3.927220106,6.26979351,0.12865971,-0.005421269,0.030084228
9.184631156,-0.886540771,4.092324734,7.076773167,0.048791423,-0.075057857,0.067193195
9.204743603,-0.853041291,4.23230505,8.053044319,0.055205323,-0.14637427,0.098193698
9.224856103,-0.798006356,4.438685894,8.69192791,0.111403272,-0.15080291,0.130110472
9.244968551,-0.946959555,4.732405186,9.367302895,0.140113086,-0.182566971,0.152100965
9.265081051,-1.0863415,4.880161762,9.785448074,0.145305291,-0.170655459,0.181879774
9.285193499,-1.087537885,4.960321426,10.14915752,0.121176824,-0.130034104,0.246018738
9.305305999,-0.768096089,5.10149765,10.49551868,0.101018868,-0.106974624,0.295344651
9.325418447,-0.341575444,5.214558601,10.46919727,0.085594974,-0.025121093,0.28862533
9.345530947,-0.205184549,5.408377171,9.982257843,-0.000992627,0.113999367,0.237161443
9.365643395,-0.179461703,5.746961594,9.978070259,-0.202572227,0.122245811,0.133164704
9.385755895,-0.372083932,5.529214859,10.45125103,-0.415070713,0.037643462,-0.019241689
9.405868343,-0.906879783,4.959722996,11.58485126,-0.548693538,0.047264308,-0.10521844
9.425980843,-1.423131227,4.133601189,12.89432335,-0.438741058,0.13469182,-0.067804046
9.446093291,-1.677966833,3.476771355,12.86680603,-0.10132429,0.371700555,0.069331162
9.466205791,-1.919043779,3.645465374,11.22054386,0.152482748,0.530520856,0.229067728
9.486318239,-1.627119422,3.903291941,9.595816612,0.134920895,0.343143433,0.314433634
9.506430739,-1.156331539,3.957728624,9.039485931,0.021150587,0.04924956,0.286487371
9.526543239,-0.899103105,3.808775425,8.813961983,-0.031993125,-0.155536979,0.19119519
9.546655687,-0.747158885,3.579064369,8.346165657,-0.070018366,-0.225784421,0.085213192
9.566768187,-0.553938448,3.363710403,7.885547161,-0.156911388,-0.163630709,-0.013285927
9.586880635,-0.646660328,3.176471949,7.88494873,-0.238230437,-0.005879405,-0.108730815
9.606993135,-1.128215909,2.926422119,8.386244774,-0.15782766,0.239299417,-0.134233683
9.627105583,-1.590628862,2.67338109,8.227720261,0.124536485,0.518914759,-0.037261683
9.647218083,-1.668993831,2.780459881,7.042077065,0.402624697,0.735001981,0.128277928
9.667330583,-1.57866478,3.12921381,5.806184292,0.551671445,0.761726558,0.258693814
9.687443031,-1.631905079,3.662214994,4.941776752,0.551060557,0.516624093,0.347572088
9.707555531,-1.427318692,4.070191383,4.997410297,0.439122826,0.067116842,0.383459359
9.727667978,-1.092323542,4.162314892,5.916851997,0.388575226,-0.302293032,0.344517857
9.747780478,-1.124028444,4.222733974,6.535397053,0.392087579,-0.393614709,0.29900974
9.767892978,-1.106680512,4.354339123,6.896713257,0.357269287,-0.262587965,0.258693814
9.788005426,-1.297508121,4.83409977,6.902695179,0.211734936,0.007864659,0.220363155
9.808117926,-1.32801652,5.343173027,7.525427341,-0.050318543,0.095979378,0.168288425
9.828230426,-1.21854496,5.65603447,8.69551754,-0.279309899,-0.097048357,0.044286426
9.848342874,-1.337587833,5.635695457,10.06181908,-0.446834773,-0.509064853,-0.108425386
9.868455374,-1.35074842,5.297111034,11.31266689,-0.515860498,-0.728358984,-0.201885015
9.888567874,-0.97088778,5.033900738,11.56152058,-0.553580344,-0.551671445,-0.218225181
9.908680322,-0.545563579,5.283352375,11.44247818,-0.679414868,-0.311608464,-0.269230932
9.928792822,-0.230907381,5.242674351,11.61595726,-0.81425941,-0.152024612,-0.41262731
9.94890527,-0.648454964,4.820939541,12.03290653,-0.8257128,-0.039017867,-0.565797269
9.96901777,-1.365703583,4.28255415,12.15494061,-0.713469625,-0.090023614,-0.618941009
9.98913027,-1.685145378,3.738785267,12.3236351,-0.531742513,-0.214178324,-0.54960984
10.00924277,-1.628913999,3.256631613,12.31107235,-0.261900753,-0.279080838,-0.392927498
10.02935522,-1.35074842,3.01974225,11.63091278,0.00465771,-0.31389913,-0.187835529
10.04946772,-0.574875653,2.930011272,11.01834965,0.21097137,-0.391934872,-0.035887275
10.06958022,0.233300209,2.881556749,10.02772141,0.380786896,-0.343219817,-0.003512372
10.08969267,0.839880765,3.043670416,8.342576027,0.376510978,-0.078570232,-0.06734591
10.10980517,0.989432156,3.285345554,7.323832035,0.18363595,0.260220945,-0.2506001
10.12991767,0.22372891,3.26141715,6.981060028,-0.008780929,0.510057449,-0.423469871
10.15003017,-0.736391187,3.057429075,7.316055298,-0.106821917,0.60901469,-0.4459185
10.17014261,-1.289731383,2.842673302,7.939983845,-0.004810422,0.561979473,-0.331690073
10.19025511,-1.509272933,2.896511793,7.835896015,0.226853401,0.448209167,-0.144770801
10.21036761,-1.264008522,3.106482029,7.109076023,0.405831635,0.241131961,0.034054734
10.23048006,-0.77108711,3.343371391,6.396613121,0.466610938,0.01565296,0.132706568
10.25059256,-0.36311084,3.626920938,5.982655048,0.426600456,-0.086053111,0.147825033
10.27070506,-0.175274253,3.925425529,5.603392601,0.285189301,-0.135531738,0.094986752
10.29081756,-0.045463629,4.05523634,6.081956863,0.1182753,-0.076737687,0.002137966
10.31093001,-0.466600418,4.124628067,6.700501442,-0.025426516,0.022677705,-0.082922518
10.33104251,-1.132403374,4.043870449,7.790432453,-0.089718193,0.1435491,-0.078188449
10.35115501,-1.575075507,4.002593994,8.806783676,0.004046863,0.253807038,0.031764057
10.37126751,-1.700698733,4.301696777,8.638688087,0.141334787,0.259151936,0.192722306
10.39138001,-1.429113269,4.789234638,8.273183823,0.110486999,0.034436513,0.292901248
10.41149246,-0.856630504,5.14397049,8.531010628,-0.065284304,-0.271445245,0.270758033
10.43160496,-0.418145746,5.236692429,9.600603104,-0.295344651,-0.532582462,0.162943512
10.45171746,-0.225523531,5.040481091,11.13559818,-0.433090717,-0.543883145,0.07177455
10.47182996,-0.040677983,4.844269276,12.08076286,-0.431105465,-0.156300545,0.030389652
10.49194246,-0.290727943,5.067998409,11.9910326,-0.450347155,0.327872276,-0.029931515
10.51205491,-0.960718274,5.014159679,11.9030962,-0.515096963,0.59389627,-0.12583454
10.53216741,-2.11645174,4.563112736,12.09811115,-0.492190182,0.783258915,-0.117588095
10.55227991,-3.147160053,4.143172264,12.3421793,-0.306950748,0.758672297,0.088878274
10.57239241,-3.214757204,3.850649834,11.99641609,0.002519745,0.52670306,0.404380888
10.59250491,-2.629113913,3.846462488,10.86461163,0.255563229,0.19821994,0.67513895
10.61261741,-1.765304923,3.976871252,9.953543663,0.361392498,-0.254952371,0.79394871
10.63272991,-0.714257538,3.944568157,9.214161873,0.344441503,-0.575036347,0.762642801
10.65284235,0.159122706,3.983451605,8.834300995,0.237848654,-0.612298012,0.612527072
10.67295485,0.427118838,3.9200418,8.72423172,0.092619717,-0.504330754,0.392622083
10.69306735,0.290727943,3.555734396,8.991629601,0.026190076,-0.327795923,0.219752297
10.71317985,0.078963146,3.244069338,8.91505909,0.085747682,-0.057801422,0.137593344
10.73329235,-0.144167557,3.065804005,8.200801849,0.220744923,0.245713309,0.088572852
10.75340485,-0.52342993,3.116053343,6.873981476,0.30397287,0.464091212,0.06734591
10.77351735,-0.733400166,3.194418192,5.802595139,0.282593221,0.587787747,0.08322794
10.79362985,-1.132403374,3.522833109,5.271986485,0.196616456,0.486387134,0.124154702
10.81374235,-1.304088354,3.753740549,5.809773445,0.130797669,0.157751307,0.198525354
10.83385485,-1.033101201,3.827918053,6.524629116,0.200739682,-0.199212566,0.251516372
10.85396735,-0.914058268,4.062414646,6.898507595,0.268391013,-0.456990093,0.268772781
10.8740798,-0.735792935,4.152145386,7.511070251,0.303056598,-0.528764665,0.273354143
10.8941923,-0.521635354,4.252644062,8.148757935,0.34459421,-0.390407741,0.272132456
10.9143048,-0.259023041,4.419543266,8.342576027,0.394072831,-0.123925641,0.238993987
10.9344173,-0.251246363,4.792225361,7.881958008,0.33940202,0.06681142,0.154238939
10.9545298,-0.410369098,5.132604599,7.647460938,0.119496994,0.02985516,0.033749312
10.9746423,-0.674775958,5.248656273,8.303692818,-0.185926631,-0.163019866,-0.097124711
10.9947548,-0.864407182,5.05423975,9.680762291,-0.421179175,-0.390102327,-0.182796046
11.0148673,-0.879362345,4.710869789,10.8119688,-0.509599328,-0.425684184,-0.21150586
11.0349798,-0.809372246,4.597808838,10.63729286,-0.525023222,-0.171266303,-0.180810794
11.0550923,-0.804586589,5.243272781,10.36750221,-0.683996201,-0.164546982,-0.164165199
11.0752048,-0.230309174,5.290530682,11.22592735,-0.816091955,-0.476079077,-0.243880764
11.0953173,-0.202193514,4.813162804,12.53300667,-0.740652323,-0.598248541,-0.36467582
11.1154298,-0.421734989,4.15633297,13.10130215,-0.459051728,-0.430265546,-0.383001238
11.1355423,-0.253040999,3.713062525,12.30329609,-0.12438377,-0.099949881,-0.336271405
11.1556548,-0.18005991,3.733999729,10.56550884,0.012446013,0.175924003,-0.304049224
11.1757673,-0.10767702,3.91166687,9.061020851,-0.132935628,0.19043164,-0.298551589
11.1958798,0.26739794,3.79621315,9.26142025,-0.387888014,0.04924956,-0.340241909
11.2159923,0.480359137,3.341576815,10.35434151,-0.400257677,-0.023746688,-0.414001733
11.2361048,0.373280346,2.970689297,10.23769188,-0.198601708,0.101935133,-0.4459185
11.2562173,-0.086739823,2.857030153,8.788837433,-0.033062108,0.360705316,-0.435228676
11.2763298,-0.662213683,2.911466837,7.452445984,-0.038712446,0.505934238,-0.385597318
11.2964423,-1.089930773,2.764308453,7.495516777,-0.033214819,0.500283897,-0.282058716
11.3165548,-1.231705427,2.632104874,7.715656757,0.146221563,0.410031229,-0.140036732
11.33666735,-1.214357495,2.755335331,7.140182972,0.372540474,0.280837029,0.008704574
11.35677985,-0.934995472,3.071786165,6.196214199,0.448132813,0.099949881,0.103233188
11.37689235,-0.623330295,3.333800077,5.86181736,0.39514181,-0.073378026,0.113770299
11.39700485,-0.595812857,3.503690481,6.02811861,0.296031863,-0.197990865,0.079562858
11.41711735,-0.681954444,3.626920938,6.547360897,0.194478497,-0.257853895,0.044439137
11.43722985,-0.877567709,3.805186272,7.168298244,0.099033609,-0.203641206,0.008399149
11.45734235,-1.144965649,3.908077478,8.001599312,0.025273805,-0.081624463,0.006261184
11.47745485,-1.376471281,4.101297855,8.779864311,-0.006032117,0.00129805,0.052380152
11.49756735,-1.508076429,4.353142738,9.578469276,-0.024357535,-0.09323056,0.098193698
11.51767985,-1.334596872,4.390231133,10.04566765,-0.001756186,-0.121176824,0.1435491
11.53779241,-1.203589797,4.619344234,10.16770172,-0.071850911,-0.059175827,0.197609082
11.55790491,-1.04685986,4.700101852,10.93460083,-0.157216817,-0.021303298,0.258693814
11.57801741,-0.595214605,4.709074974,11.38564873,-0.140571222,0.062535487,0.316571593
11.59812991,-0.147158593,4.810171604,11.09192944,-0.13049224,0.136524364,0.299467862
11.61824241,-0.104087785,4.884349346,10.77847004,-0.163478002,0.253654331,0.177145705
11.63835491,-0.804586589,4.774877548,10.04327488,-0.270147204,0.463174939,0.057877779
11.65846741,-1.765304923,4.609174728,9.697511673,-0.471268654,0.556634545,0.039857782
11.67857996,-2.14157629,4.16769886,10.55713367,-0.632226884,0.34955734,0.110868774
11.69869246,-2.0769701,3.622135162,11.84207916,-0.584733546,0.005115846,0.216698065
11.71880496,-1.832902193,3.132204771,12.65324593,-0.352611572,-0.329323024,0.338562101
11.73891746,-1.400399446,2.897109985,12.62513065,-0.037338037,-0.546021104,0.451263398
11.75902996,-0.909272611,2.820539713,11.70329571,0.208680689,-0.483867377,0.529451847
11.77914246,-0.409770876,2.858824968,10.14855862,0.286411017,-0.180734426,0.583664537
11.79925501,0.307477713,2.999403238,8.785248756,0.213720188,0.12331479,0.540599823
11.81936751,0.589830756,3.111865759,8.003393173,0.122856654,0.229831278,0.363912255
11.83948001,0.137587309,3.000599623,7.494320393,0.065742433,0.206619084,0.174396887
11.85959251,-0.441475779,2.791825771,7.137191772,0.040697698,0.24326992,0.091779798
11.87970506,-0.799800992,2.690729141,6.942774773,0.063757181,0.386513591,0.102927767
11.89981756,-0.890130043,2.69850564,6.62991333,0.152024612,0.485165447,0.149810284
11.91993006,-0.960718274,2.90967226,6.147759438,0.208986118,0.409725785,0.195471123
11.94004256,-0.878764093,3.18544507,6.183651924,0.245484248,0.15057385,0.229220435
11.96015506,-0.660419047,3.371487141,6.38823843,0.279691696,-0.150497496,0.221126705
11.98026761,-0.563509762,3.472583771,6.732206345,0.266100347,-0.317106098,0.19562383
12.00038011,-0.55154562,3.632304668,7.450053215,0.235710681,-0.311761171,0.181574345
12.02049261,-0.458225548,3.757329702,8.512466431,0.241055593,-0.243193567,0.180047229
12.04060511,-0.171685025,3.979264021,9.141180992,0.307790667,-0.130034104,0.141563848
12.06071767,-0.236889437,4.301696777,9.104091644,0.324741662,-0.06513159,0.057725064
12.08083017,-0.530010223,4.480560303,9.064012527,0.208986118,-0.106821917,0.004123219
12.10094267,-0.513858676,4.649254322,9.592227936,0.005115846,-0.307485253,-0.024586603
12.12105522,-0.144167557,4.641477585,10.60379314,-0.16149275,-0.48997587,-0.092390649
12.14116772,0.19561325,4.433301926,11.301301,-0.203793913,-0.458059102,-0.160347402
12.16128022,0.390030086,4.835894585,11.05244732,-0.297024488,-0.379259795,-0.225402638
12.18139272,0.55154562,5.051846981,11.1750803,-0.4964661,-0.40140301,-0.366661072
12.20150527,0.406181634,4.681557655,12.00897884,-0.648108959,-0.320160329,-0.497687817
12.22161777,0.184247345,4.12821722,13.33460236,-0.578319669,-0.174625963,-0.518303871
12.24173027,0.348155707,3.386442184,13.88495159,-0.224180937,0.031229567,-0.459357142
12.26184282,0.364905447,3.232105255,12.19442272,0.169586465,0.342532605,-0.359789044
12.28195532,0.367298275,3.546163082,9.919445992,0.227616966,0.347877502,-0.298246175
12.30206782,0.573679209,3.452244759,8.791828156,0.044362783,0.164470628,-0.299926013
12.32218037,0.684347272,3.119642496,8.578269005,-0.101935133,0.167372152,-0.333675325
12.34229287,0.333200544,3.049652576,8.161917686,-0.138891399,0.287709057,-0.362232417
12.36240537,-0.187238365,3.061616659,7.418946743,-0.160423756,0.320694804,-0.366050214
12.38251793,-0.753140926,3.120838881,7.183253765,-0.207382649,0.232732803,-0.329552084
12.40263043,-1.221535921,2.925225735,7.803592682,-0.116137333,0.163554356,-0.227235183
12.42274298,-1.395015597,2.849851847,7.773084164,0.148206815,0.227235183,-0.036803547
12.44285548,-1.313061476,3.114258766,6.968497753,0.418964863,0.225249931,0.145534366
12.46296798,-1.108475089,3.428914785,5.955137253,0.536094844,0.074447006,0.284043968
12.48308053,-0.796809912,3.908077478,5.636293888,0.483867377,-0.134310037,0.381474108
12.50319303,-0.282353073,4.197608948,6.39900589,0.394836396,-0.334820658,0.384222925
12.52330558,-0.002392823,4.339384079,7.236494064,0.352840662,-0.414230794,0.319778532
12.54341808,0.156729877,4.609772682,7.953742504,0.302293032,-0.403082848,0.246171445
12.56353058,0.123230368,4.706083775,8.762516975,0.248843908,-0.334057093,0.154697076
12.58364314,0.118444718,4.695316315,9.326025963,0.221508488,-0.177222058,0.085671328
12.60375564,-0.017347964,4.756333351,9.588040352,0.17141901,0.075515993,0.038788799
12.62386819,-0.154337063,4.811367989,9.903892517,0.131103098,0.292290419,0.029931515
12.64398069,-0.314057976,4.944767952,9.863214493,0.079028361,0.308783293,0.054212693
12.66409324,-0.157328084,4.953741074,10.5792675,0.031076854,0.128736064,0.102775052
12.68420574,0.245264322,4.955535889,10.95075321,0.129117847,0.102698699,0.132553861
12.70431829,0.364307255,5.088337421,10.00439167,0.164852411,0.16981554,0.109952509
12.72443079,0.184845552,5.413163185,9.135796547,-0.005879405,0.205855534,0.0361927
12.74454329,0.005383851,5.380261898,8.823533058,-0.290915996,0.2521272,-0.071163706
12.76465584,-0.612562597,5.1296134,9.277571678,-0.558314383,0.286334664,-0.163096219
12.78476834,-1.110867858,4.704289436,10.25204849,-0.724312127,0.011529742,-0.172564358
12.8048809,-1.196411371,4.108476639,11.59382439,-0.780815482,-0.453935862,-0.109799795
12.82499345,-0.76271224,3.404388428,13.33041477,-0.593132675,-0.777074099,-0.013133216
12.84510595,-0.388833672,3.03948307,13.34297752,-0.176611215,-0.644978344,0.075897776
12.86521845,-0.223130718,3.005983353,11.27318573,0.150650203,-0.137669697,0.148588598
12.885331,-0.059222359,3.34875536,8.894122124,0.174167827,0.280989736,0.177603841
12.9054435,0.021535404,3.541377544,7.663014412,0.013362284,0.321000248,0.098193698
12.92555605,0.002991028,3.330210924,7.417750359,-0.093841411,0.212269425,-0.032680329
12.9456686,-0.349352092,3.047857761,7.158727169,-0.092467003,0.173633337,-0.155766055
12.9657811,-1.022333503,2.801397085,6.722635269,-0.061313793,0.214560106,-0.172411636
12.98589366,-1.387837172,2.660220623,6.595815659,-0.014583978,0.26831466,-0.072690822
13.00600616,-1.347757339,2.765504837,6.56470871,0.099339038,0.25686127,0.054059982
13.02611871,-1.136590719,3.01974225,6.706483841,0.234183565,0.0678804,0.141411141
13.04623121,-0.71485579,3.172284603,6.851249218,0.386895388,-0.152940884,0.18126893
13.06634376,-0.431306273,3.477967739,6.687341213,0.439580947,-0.293893874,0.177145705
13.08645626,-0.276969224,3.744767427,7.065407276,0.381397754,-0.343983352,0.122474879
13.10656881,-0.505483806,3.860221148,8.085946083,0.324436247,-0.320007622,0.078188449
13.12668131,-0.746560693,3.881756544,9.396614075,0.360323519,-0.261213571,0.086434886
13.14679386,-0.614357233,3.977469444,10.22931671,0.502345502,-0.157980368,0.123391144
13.16690642,-0.336789787,4.459623337,9.536594391,0.534720421,-0.111403272,0.118962504
13.18701892,-0.271585375,4.847858906,9.012566566,0.272361517,-0.331308276,0.060015742
13.20713147,-0.282353073,4.766502857,10.41894817,-0.055052608,-0.673230052,0.010689827
13.22724402,-0.16749759,4.558925152,12.26202011,-0.077195823,-0.658722401,0.03939965
13.24735652,0.220139682,4.79521656,11.55972576,-0.013667707,-0.25342527,0.133775547
13.26746907,0.836889744,5.632704735,10.77248764,-0.181650698,-0.109112591,0.102927767
13.28758157,1.420140266,5.888736725,10.89811039,-0.446682066,-0.336195052,-0.134080976
13.30769412,1.274178028,5.017150879,11.62493038,-0.619093716,-0.398501486,-0.401937485
13.32780668,0.661615431,3.951746702,12.13161087,-0.603364408,-0.242582724,-0.468672574
13.34791918,0.344566464,3.271586657,11.9090786,-0.420110196,0.073378026,-0.404380888
13.36803173,0.242273286,3.113660574,10.71924686,-0.1906607,0.339783788,-0.29381752
13.38814428,0.285344094,3.344567776,8.866603851,-0.146068856,0.284807533,-0.209062472
13.40825678,0.687936485,3.265604734,8.012366295,-0.280989736,0.043599222,-0.191958755
13.42836933,0.796809912,3.151945591,8.486743927,-0.391094953,-0.131103098,-0.190278918
13.44848189,0.828514814,3.011965513,9.19980526,-0.304965496,-0.097048357,-0.181879774
13.46859439,0.751944542,2.879761934,9.19980526,-0.045279052,0.208298922,-0.160347402
13.48870694,0.40797627,2.958127022,8.111668587,0.232045606,0.546402872,-0.119267926
13.50881949,-0.000598206,3.116651535,6.742974281,0.411940128,0.684607089,-0.051922016
13.52893204,-0.313459754,3.403790236,5.689534187,0.464625686,0.564117432,0.044591852
13.54904454,-0.170488611,3.69212532,5.437091351,0.430112839,0.261748046,0.115602844
13.56915709,0.021535404,3.933202267,5.736792088,0.395294547,-0.01305686,0.114533864
13.58926965,-0.008374879,4.202394962,6.385247231,0.339554727,-0.187606469,0.096972004
13.60938215,-0.042472601,4.363312244,7.600203037,0.301987618,-0.281371504,0.074676074
13.6294947,-0.062811591,4.588835716,8.384450912,0.323978126,-0.170502737,0.050242186
13.64960725,-0.318245411,4.772484779,8.915657043,0.312066585,0.050165832,0.029473381
13.6697198,-0.655035198,4.908875465,9.395418167,0.282745928,0.300231427,0.036345411
13.6898323,-1.105484009,5.14097929,9.623334885,0.215858147,0.404839009,0.082464382
13.70994485,-1.004985452,5.187639713,9.875179291,0.111250557,0.28862533,0.160805538
13.73005741,-0.326022089,5.179264545,10.15513897,0.012751437,0.132859275,0.196234688
13.75016996,0.211166605,5.11585474,10.17488003,-0.070476502,0.082540736,0.173786044
13.77028246,0.611366212,5.271388054,10.19103146,-0.205931887,-0.00129805,0.09910997
13.79039501,0.726819873,5.207380295,10.15155029,-0.397356153,-0.048486002,-0.096361153
13.81050756,0.044267219,4.779065132,10.68335533,-0.630088925,0.08376243,-0.25945738
13.83062011,-0.829113066,3.947559118,12.1477623,-0.650552332,0.271063477,-0.279004484
13.85073261,-1.32801652,3.232105255,12.40259838,-0.404228181,0.472032219,-0.147366896
13.87084517,-1.735992789,3.161516905,11.27737331,-0.205931887,0.398425132,0.055128966
13.89095772,-1.495514154,3.239283562,10.50867844,-0.161340028,-0.086663954,0.24326992
13.91107027,-0.595214605,3.233899832,10.42672443,-0.109418012,-0.612756133,0.327414125
13.93118282,0.226121739,3.217149973,9.60419178,-0.030007871,-0.77234,0.262817025
13.95129537,0.5910272,3.310470104,8.23729229,-0.131866649,-0.597179532,0.124154702
13.97140787,0.721436024,3.195016384,8.230113029,-0.300231427,-0.401097596,-0.035887275
13.99152043,0.672383189,2.897109985,8.445467949,-0.297177196,-0.245484248,-0.193485871
14.01163298,-0.034695927,2.76909399,8.020143509,-0.232732803,-0.083151586,-0.293970257
14.03174553,-0.99900347,2.76371026,7.909475327,-0.171113595,-0.048944138,-0.247393146
14.05185808,-1.560120344,2.743371248,8.187042236,-0.02893889,-0.065437011,-0.078188449
14.07197064,-1.552343726,2.870190859,8.187042236,0.21982865,-0.097659208,0.143854529
14.09208319,-1.074377418,3.150749207,7.905287743,0.484936357,-0.231434763,0.30633989
14.11219569,-0.372083932,3.336193085,7.190432072,0.673688173,-0.392393023,0.34436515
14.13230824,0.048454657,3.55992198,6.36251545,0.642534971,-0.457753658,0.286945492
14.15242079,0.250049979,3.642474174,6.558128834,0.451034337,-0.471039593,0.194402143
14.17253334,0.260817677,3.586841106,7.80897665,0.337722182,-0.455615699,0.11163234
14.1926459,0.242871493,3.539582968,8.623134613,0.355742186,-0.310844898,0.065207943
14.21275845,0.197407872,3.667598963,8.718847275,0.348106593,-0.155231565,0.053601846
14.232871,0.308674127,3.954737663,9.105886459,0.23235102,-0.216927126,0.053754561
14.25298355,0.445065022,4.093521118,10.20060253,0.154773429,-0.422171801,0.034818295
14.2730961,0.636490822,4.033700943,10.96630573,0.201961368,-0.4774535,0.005192202
14.29320866,0.902094126,4.020540237,10.17906761,0.244262546,-0.192645952,-0.021532366
14.31332116,1.006780148,4.341776848,9.328418732,0.059633963,-0.073530741,-0.035887275
14.33343371,1.526022673,4.551148891,9.156734467,-0.227540597,-0.131408513,-0.12659809
14.35354626,1.686939955,4.548755646,9.457631111,-0.614054203,-0.275415748,-0.295802772
14.37365881,1.730010748,4.140779495,11.1750803,-0.947424114,-0.491197556,-0.477835268
14.39377136,1.357926846,3.349353552,13.58824158,-0.9471187,-0.425684184,-0.556176424
14.41388392,0.964307547,2.776272535,14.56511116,-0.560910523,-0.049096849,-0.458746284
14.43399647,0.702891648,2.940778971,13.1395874,-0.139044106,0.341616333,-0.267703801
14.45410902,1.100698471,3.21356082,11.20140076,0.030924143,0.42560783,-0.112701319
14.47422157,1.554138303,3.241078377,10.07557774,0.044668205,0.272743315,-0.079257429
14.49433412,1.651047587,3.156133175,9.774082184,0.072003618,0.032145835,-0.106592849
14.51444668,1.478166223,2.955734253,9.555737495,0.188675448,-0.064215317,-0.122933008
14.53455923,1.48295188,2.907279491,8.678768158,0.348717421,0.165539607,-0.132553861
14.55467178,1.17068851,3.035893679,7.354938507,0.42278266,0.451110691,-0.154391646
14.57478433,0.730409086,3.163311481,6.341578007,0.395752668,0.54075253,-0.176992998
14.59489688,0.398404956,3.275176048,6.093921185,0.312219292,0.383459359,-0.16981554
14.61500944,0.375074953,3.420539856,6.324230194,0.241208315,0.15500249,-0.165539607
14.63512199,0.379262388,3.502494097,6.827919483,0.190355271,0.018707197,-0.169968247
14.65523454,0.352343142,3.702893019,7.295117855,0.134615466,-0.025579229,-0.15500249
14.67534709,0.425922424,3.914059639,7.676773071,0.069712944,0.010613471,-0.170731813
14.69545965,0.317647219,4.058227062,7.984848976,-0.001756186,0.127819791,-0.21410197
14.7155722,0.025722843,4.15334177,8.376673698,-0.092314295,0.230289415,-0.22845687
14.73568475,-0.39960137,4.228715897,9.338588715,-0.144236311,0.244186193,-0.21517095
14.7557973,-0.701695263,4.106681824,10.32024384,-0.030007871,0.280378878,-0.149046734
14.77590991,-0.877567709,4.019941807,10.30110168,0.168670192,0.376892746,-0.02275406
14.79602246,-0.894317448,4.211368084,9.745966911,0.260297298,0.431258172,0.12995775
